TimeStamp,X-Axis,Y-Axis,Z-Axis
2021-04-29 15:06:07.540,9.96,-3.792,1.532
2021-04-29 15:06:07.551,9.96,-3.715,1.551
2021-04-29 15:06:07.560,9.979,-3.658,1.57
2021-04-29 15:06:07.572,10.113,-3.696,1.455
2021-04-29 15:06:07.581,10.17,-3.811,1.455
2021-04-29 15:06:07.591,10.056,-3.505,1.551
2021-04-29 15:06:07.601,9.998,-3.237,1.551
2021-04-29 15:06:07.611,10.017,-3.332,1.532
2021-04-29 15:06:07.620,10.056,-3.352,1.494
2021-04-29 15:06:07.631,10.036,-3.198,1.513
2021-04-29 15:06:07.640,9.941,-3.064,1.532
2021-04-29 15:06:07.650,9.921,-3.007,1.589
2021-04-29 15:06:07.661,9.96,-2.911,1.513
2021-04-29 15:06:07.671,9.902,-2.911,1.57
2021-04-29 15:06:07.682,9.921,-2.892,1.474
2021-04-29 15:06:07.690,9.845,-2.949,1.474
2021-04-29 15:06:07.705,9.653,-2.796,1.57
2021-04-29 15:06:07.712,9.653,-2.796,1.57
2021-04-29 15:06:07.721,9.672,-3.122,1.417
2021-04-29 15:06:07.732,9.615,-3.217,1.34
2021-04-29 15:06:07.741,9.577,-3.217,1.302
2021-04-29 15:06:07.750,9.557,-3.313,1.245
2021-04-29 15:06:07.761,9.653,-3.486,1.149
2021-04-29 15:06:07.770,9.73,-3.658,1.091
2021-04-29 15:06:07.781,9.711,-3.792,1.11
2021-04-29 15:06:07.790,9.692,-3.85,1.11
2021-04-29 15:06:07.802,9.653,-3.888,1.13
2021-04-29 15:06:07.810,9.596,-3.907,1.149
2021-04-29 15:06:07.821,9.615,-3.926,1.11
2021-04-29 15:06:07.830,9.634,-3.926,1.072
2021-04-29 15:06:07.840,9.634,-3.964,1.072
2021-04-29 15:06:07.850,9.692,-3.964,1.072
2021-04-29 15:06:07.860,9.711,-3.984,1.053
2021-04-29 15:06:07.870,9.711,-4.003,1.053
2021-04-29 15:06:07.881,9.73,-4.022,1.11
2021-04-29 15:06:07.891,9.73,-4.041,1.053
2021-04-29 15:06:07.901,9.692,-4.099,1.072
2021-04-29 15:06:07.911,9.634,-4.06,1.072
2021-04-29 15:06:07.921,9.634,-4.041,1.072
2021-04-29 15:06:07.930,9.653,-4.079,1.053
2021-04-29 15:06:07.940,9.653,-4.06,1.053
2021-04-29 15:06:07.951,9.615,-4.022,1.053
2021-04-29 15:06:07.960,9.615,-4.003,1.053
2021-04-29 15:06:07.970,9.596,-4.022,1.053
2021-04-29 15:06:07.981,9.577,-4.022,1.053
2021-04-29 15:06:07.991,9.538,-4.041,1.053
2021-04-29 15:06:08.002,9.538,-4.06,1.034
2021-04-29 15:06:08.011,9.519,-4.099,1.034
2021-04-29 15:06:08.021,9.5,-4.099,1.034
2021-04-29 15:06:08.030,9.5,-4.118,1.053
2021-04-29 15:06:08.040,9.538,-4.118,1.034
2021-04-29 15:06:08.051,9.557,-4.137,1.034
2021-04-29 15:06:08.060,9.596,-4.156,1.053
2021-04-29 15:06:08.071,9.672,-4.175,1.053
2021-04-29 15:06:08.081,9.749,-4.194,1.072
2021-04-29 15:06:08.093,9.807,-4.213,1.11
2021-04-29 15:06:08.101,9.845,-4.194,1.168
2021-04-29 15:06:08.111,9.845,-4.194,1.168
2021-04-29 15:06:08.120,9.864,-4.194,1.13
2021-04-29 15:06:08.130,9.902,-4.233,1.13
2021-04-29 15:06:08.141,9.902,-4.252,1.13
2021-04-29 15:06:08.150,9.902,-4.252,1.149
2021-04-29 15:06:08.160,9.921,-4.29,1.168
2021-04-29 15:06:08.172,9.902,-4.29,1.225
2021-04-29 15:06:08.182,9.807,-4.233,1.302
2021-04-29 15:06:08.194,9.672,-4.079,1.321
2021-04-29 15:06:08.201,9.577,-3.945,1.283
2021-04-29 15:06:08.211,9.577,-3.888,1.245
2021-04-29 15:06:08.221,9.615,-3.888,1.187
2021-04-29 15:06:08.231,9.672,-3.888,1.187
2021-04-29 15:06:08.241,9.692,-3.869,1.206
2021-04-29 15:06:08.250,9.692,-3.888,1.225
2021-04-29 15:06:08.260,9.634,-3.907,1.283
2021-04-29 15:06:08.270,9.615,-3.926,1.321
2021-04-29 15:06:08.280,9.577,-3.907,1.359
2021-04-29 15:06:08.290,9.538,-3.888,1.359
2021-04-29 15:06:08.300,9.538,-3.907,1.34
2021-04-29 15:06:08.310,9.577,-3.945,1.283
2021-04-29 15:06:08.320,9.596,-3.984,1.264
2021-04-29 15:06:08.330,9.692,-4.06,1.264
2021-04-29 15:06:08.340,9.653,-4.137,1.283
2021-04-29 15:06:08.350,9.634,-4.271,1.321
2021-04-29 15:06:08.360,9.653,-4.367,1.398
2021-04-29 15:06:08.374,9.692,-4.424,1.494
2021-04-29 15:06:08.381,9.73,-4.482,1.532
2021-04-29 15:06:08.396,9.768,-4.501,1.57
2021-04-29 15:06:08.402,9.787,-4.443,1.589
2021-04-29 15:06:08.410,9.768,-4.367,1.628
2021-04-29 15:06:08.420,9.711,-4.309,1.628
2021-04-29 15:06:08.430,9.749,-4.233,1.628
2021-04-29 15:06:08.444,9.787,-4.137,1.628
2021-04-29 15:06:08.455,9.826,-4.099,1.666
2021-04-29 15:06:08.461,9.902,-4.079,1.723
2021-04-29 15:06:08.470,9.96,-4.079,1.781
2021-04-29 15:06:08.480,10.036,-4.041,1.877
2021-04-29 15:06:08.490,10.113,-3.964,1.934
2021-04-29 15:06:08.500,10.036,-3.869,1.915
2021-04-29 15:06:08.510,9.864,-3.869,1.877
2021-04-29 15:06:08.520,9.883,-3.945,1.915
2021-04-29 15:06:08.530,10.017,-4.022,1.972
2021-04-29 15:06:08.540,10.075,-4.06,2.068
2021-04-29 15:06:08.551,10.036,-4.003,2.202
2021-04-29 15:06:08.560,10.075,-3.85,2.336
2021-04-29 15:06:08.570,10.075,-3.754,2.432
2021-04-29 15:06:08.580,9.902,-3.754,2.509
2021-04-29 15:06:08.591,9.902,-3.754,2.49
2021-04-29 15:06:08.601,10.017,-3.677,2.451
2021-04-29 15:06:08.611,9.96,-3.677,2.47
2021-04-29 15:06:08.620,9.864,-3.85,2.451
2021-04-29 15:06:08.630,9.941,-4.003,2.604
2021-04-29 15:06:08.640,9.979,-4.099,2.93
2021-04-29 15:06:08.651,10.151,-4.099,3.083
2021-04-29 15:06:08.660,10.094,-4.099,3.102
2021-04-29 15:06:08.670,9.883,-4.118,2.988
2021-04-29 15:06:08.682,9.845,-4.041,2.815
2021-04-29 15:06:08.690,9.826,-3.984,2.643
2021-04-29 15:06:08.701,9.845,-3.964,2.509
2021-04-29 15:06:08.711,9.941,-3.945,2.413
2021-04-29 15:06:08.721,9.96,-3.907,2.317
2021-04-29 15:06:08.730,9.941,-3.907,2.279
2021-04-29 15:06:08.740,10.017,-3.869,2.221
2021-04-29 15:06:08.751,9.998,-3.773,2.106
2021-04-29 15:06:08.760,9.864,-3.715,1.934
2021-04-29 15:06:08.770,9.864,-3.677,1.819
2021-04-29 15:06:08.781,9.921,-3.715,1.762
2021-04-29 15:06:08.791,9.864,-3.735,1.704
2021-04-29 15:06:08.801,9.768,-3.715,1.628
2021-04-29 15:06:08.810,9.653,-3.696,1.551
2021-04-29 15:06:08.821,9.596,-3.696,1.455
2021-04-29 15:06:08.831,9.615,-3.696,1.321
2021-04-29 15:06:08.841,9.692,-3.677,1.206
2021-04-29 15:06:08.851,9.807,-3.658,1.11
2021-04-29 15:06:08.861,9.902,-3.581,1.015
2021-04-29 15:06:08.870,9.979,-3.466,0.938
2021-04-29 15:06:08.880,10.113,-3.313,0.766
2021-04-29 15:06:08.891,10.324,-3.179,0.574
2021-04-29 15:06:08.900,10.707,-3.122,0.44
2021-04-29 15:06:08.912,11.09,-3.122,0.325
2021-04-29 15:06:08.921,11.262,-3.141,0.306
2021-04-29 15:06:08.931,11.281,-3.141,0.306
2021-04-29 15:06:08.941,11.243,-3.122,0.229
2021-04-29 15:06:08.951,11.147,-3.16,0.153
2021-04-29 15:06:08.960,10.917,-3.256,0.153
2021-04-29 15:06:08.970,10.573,-3.409,0.21
2021-04-29 15:06:08.980,10.056,-3.562,0.268
2021-04-29 15:06:08.990,9.481,-3.639,0.402
2021-04-29 15:06:09.001,8.964,-3.696,0.478
2021-04-29 15:06:09.009,8.504,-3.792,0.517
2021-04-29 15:06:09.021,8.14,-3.907,0.536
2021-04-29 15:06:09.030,7.929,-4.06,0.574
2021-04-29 15:06:09.041,7.834,-4.271,0.727
2021-04-29 15:06:09.050,7.949,-4.443,0.861
2021-04-29 15:06:09.060,8.217,-4.539,0.919
2021-04-29 15:06:09.071,8.37,-4.577,0.919
2021-04-29 15:06:09.081,8.542,-4.405,0.976
2021-04-29 15:06:09.091,8.619,-4.003,1.187
2021-04-29 15:06:09.100,8.638,-3.715,1.321
2021-04-29 15:06:09.112,8.83,-3.601,1.359
2021-04-29 15:06:09.122,9.136,-3.505,1.436
2021-04-29 15:06:09.130,9.308,-3.294,1.608
2021-04-29 15:06:09.141,9.404,-3.102,1.819
2021-04-29 15:06:09.150,9.577,-2.93,1.953
2021-04-29 15:06:09.160,9.692,-2.796,1.992
2021-04-29 15:06:09.171,9.73,-2.739,2.03
2021-04-29 15:06:09.180,9.749,-2.739,2.068
2021-04-29 15:06:09.191,9.826,-2.796,2.049
2021-04-29 15:06:09.200,9.864,-2.892,2.049
2021-04-29 15:06:09.211,9.941,-2.988,2.03
2021-04-29 15:06:09.220,9.998,-3.064,1.992
2021-04-29 15:06:09.230,10.036,-3.179,1.953
2021-04-29 15:06:09.241,10.113,-3.294,1.896
2021-04-29 15:06:09.251,10.209,-3.428,1.877
2021-04-29 15:06:09.261,10.285,-3.543,1.857
2021-04-29 15:06:09.270,10.305,-3.62,1.877
2021-04-29 15:06:09.280,10.285,-3.677,1.896
2021-04-29 15:06:09.291,10.285,-3.696,1.953
2021-04-29 15:06:09.300,10.247,-3.696,1.972
2021-04-29 15:06:09.310,10.209,-3.658,1.953
2021-04-29 15:06:09.322,10.209,-3.601,1.953
2021-04-29 15:06:09.331,10.266,-3.505,1.953
2021-04-29 15:06:09.341,10.305,-3.428,1.934
2021-04-29 15:06:09.350,10.324,-3.352,1.915
2021-04-29 15:06:09.360,10.343,-3.294,1.896
2021-04-29 15:06:09.371,10.305,-3.198,1.877
2021-04-29 15:06:09.380,10.247,-3.122,1.877
2021-04-29 15:06:09.391,10.17,-3.102,1.857
2021-04-29 15:06:09.401,10.113,-3.141,1.857
2021-04-29 15:06:09.410,10.036,-3.198,1.819
2021-04-29 15:06:09.420,9.998,-3.237,1.762
2021-04-29 15:06:09.431,10.017,-3.256,1.704
2021-04-29 15:06:09.441,9.998,-3.256,1.704
2021-04-29 15:06:09.452,9.979,-3.256,1.666
2021-04-29 15:06:09.463,10.017,-3.275,1.647
2021-04-29 15:06:09.470,10.036,-3.237,1.647
2021-04-29 15:06:09.479,9.998,-3.16,1.628
2021-04-29 15:06:09.490,9.921,-3.102,1.589
2021-04-29 15:06:09.500,9.749,-3.064,1.494
2021-04-29 15:06:09.510,9.749,-3.064,1.436
2021-04-29 15:06:09.520,9.692,-3.083,1.398
2021-04-29 15:06:09.530,9.653,-3.141,1.379
2021-04-29 15:06:09.540,9.692,-3.179,1.359
2021-04-29 15:06:09.553,9.768,-3.198,1.321
2021-04-29 15:06:09.560,9.787,-3.141,1.283
2021-04-29 15:06:09.570,9.807,-3.122,1.225
2021-04-29 15:06:09.579,9.807,-3.102,1.187
2021-04-29 15:06:09.588,9.73,-3.083,1.225
2021-04-29 15:06:09.599,9.672,-3.064,1.245
2021-04-29 15:06:09.609,9.653,-3.083,1.264
2021-04-29 15:06:09.620,9.653,-3.122,1.283
2021-04-29 15:06:09.631,9.692,-3.122,1.264
2021-04-29 15:06:09.640,9.787,-3.064,1.187
2021-04-29 15:06:09.650,9.998,-3.026,1.13
2021-04-29 15:06:09.661,10.17,-2.949,0.938
2021-04-29 15:06:09.670,10.209,-2.815,0.785
2021-04-29 15:06:09.681,10.151,-2.662,0.727
2021-04-29 15:06:09.690,10.075,-2.49,0.67
2021-04-29 15:06:09.700,10.036,-2.432,0.67
2021-04-29 15:06:09.711,10.113,-2.451,0.708
2021-04-29 15:06:09.720,10.362,-2.413,0.689
2021-04-29 15:06:09.730,10.515,-2.317,0.555
2021-04-29 15:06:09.740,10.419,-2.03,0.287
2021-04-29 15:06:09.751,10.017,-1.704,0.019
2021-04-29 15:06:09.761,9.692,-1.436,-0.172
2021-04-29 15:06:09.771,9.538,-1.34,-0.229
2021-04-29 15:06:09.782,9.328,-1.513,-0.191
2021-04-29 15:06:09.790,9.385,-1.819,-0.306
2021-04-29 15:06:09.800,9.557,-1.781,-0.306
2021-04-29 15:06:09.810,9.596,-1.57,-0.268
2021-04-29 15:06:09.820,9.692,-1.359,-0.325
2021-04-29 15:06:09.830,9.787,-1.225,-0.44
2021-04-29 15:06:09.841,9.845,-1.225,-0.536
2021-04-29 15:06:09.850,9.807,-1.206,-0.478
2021-04-29 15:06:09.861,9.787,-1.187,-0.344
2021-04-29 15:06:09.871,9.921,-1.225,-0.249
2021-04-29 15:06:09.881,10.132,-1.245,-0.229
2021-04-29 15:06:09.891,10.285,-1.264,-0.249
2021-04-29 15:06:09.901,10.477,-1.417,-0.249
2021-04-29 15:06:09.910,10.688,-1.685,-0.268
2021-04-29 15:06:09.921,10.917,-1.877,-0.268
2021-04-29 15:06:09.931,11.147,-1.896,-0.249
2021-04-29 15:06:09.941,11.396,-1.992,-0.191
2021-04-29 15:06:09.950,11.664,-2.183,-0.191
2021-04-29 15:06:09.961,11.875,-2.298,-0.191
2021-04-29 15:06:09.971,11.952,-2.355,-0.134
2021-04-29 15:06:09.980,12.009,-2.336,0.095
2021-04-29 15:06:09.991,12.028,-2.202,0.306
2021-04-29 15:06:10.000,11.856,-2.126,0.44
2021-04-29 15:06:10.011,11.741,-2.068,0.172
2021-04-29 15:06:10.020,11.645,-2.087,-0.172
2021-04-29 15:06:10.030,11.339,-1.781,-0.344
2021-04-29 15:06:10.041,10.956,-1.225,-0.249
2021-04-29 15:06:10.050,10.764,-1.034,-0.095
2021-04-29 15:06:10.060,10.554,-1.149,-0.019
2021-04-29 15:06:10.071,10.439,-1.321,0.095
2021-04-29 15:06:10.081,10.419,-1.436,0.172
2021-04-29 15:06:10.091,10.266,-1.532,0.287
2021-04-29 15:06:10.100,10.113,-1.723,0.306
2021-04-29 15:06:10.110,10.075,-1.915,0.21
2021-04-29 15:06:10.121,9.96,-2.068,0.172
2021-04-29 15:06:10.130,9.883,-2.183,0.172
2021-04-29 15:06:10.141,9.941,-2.241,0.229
2021-04-29 15:06:10.151,10.017,-2.298,0.344
2021-04-29 15:06:10.161,10.036,-2.355,0.517
2021-04-29 15:06:10.170,10.094,-2.355,0.67
2021-04-29 15:06:10.180,10.094,-2.202,0.766
2021-04-29 15:06:10.191,9.921,-2.126,0.823
2021-04-29 15:06:10.201,9.96,-2.241,0.919
2021-04-29 15:06:10.211,10.036,-2.355,1.034
2021-04-29 15:06:10.222,9.96,-2.451,1.245
2021-04-29 15:06:10.231,9.883,-2.47,1.436
2021-04-29 15:06:10.240,9.864,-2.624,1.589
2021-04-29 15:06:10.252,9.921,-2.796,1.723
2021-04-29 15:06:10.261,9.902,-2.988,1.857
2021-04-29 15:06:10.271,9.845,-3.16,2.049
2021-04-29 15:06:10.280,9.864,-3.332,2.26
2021-04-29 15:06:10.290,9.921,-3.505,2.509
2021-04-29 15:06:10.300,9.96,-3.677,2.719
2021-04-29 15:06:10.310,10.017,-3.696,2.892
2021-04-29 15:06:10.321,10.094,-3.62,2.949
2021-04-29 15:06:10.330,10.094,-3.466,2.815
2021-04-29 15:06:10.341,9.921,-3.294,2.643
2021-04-29 15:06:10.350,9.768,-3.179,2.413
2021-04-29 15:06:10.360,9.596,-3.16,2.355
2021-04-29 15:06:10.371,9.692,-3.294,2.355
2021-04-29 15:06:10.381,10.075,-3.371,2.336
2021-04-29 15:06:10.391,10.247,-3.486,2.317
2021-04-29 15:06:10.400,10.305,-3.601,2.317
2021-04-29 15:06:10.410,10.458,-3.754,2.241
2021-04-29 15:06:10.423,10.63,-3.964,2.145
2021-04-29 15:06:10.431,10.841,-4.233,1.896
2021-04-29 15:06:10.441,11.032,-4.501,1.647
2021-04-29 15:06:10.450,11.55,-4.673,1.436
2021-04-29 15:06:10.460,12.239,-4.769,1.206
2021-04-29 15:06:10.470,13.005,-4.846,1.11
2021-04-29 15:06:10.481,13.81,-4.96,1.091
2021-04-29 15:06:10.491,14.423,-5.171,1.168
2021-04-29 15:06:10.500,14.691,-5.382,1.13
2021-04-29 15:06:10.510,14.806,-5.573,0.881
2021-04-29 15:06:10.520,14.767,-5.956,0.555
2021-04-29 15:06:10.531,14.557,-6.55,0.478
2021-04-29 15:06:10.540,14.423,-7.24,0.651
2021-04-29 15:06:10.551,14.461,-7.91,0.9
2021-04-29 15:06:10.560,14.499,-8.293,1.168
2021-04-29 15:06:10.571,14.289,-8.389,1.13
2021-04-29 15:06:10.581,14.25,-8.293,0.612
2021-04-29 15:06:10.592,14.538,-7.968,-0.095
2021-04-29 15:06:10.600,14.71,-7.297,-0.689
2021-04-29 15:06:10.612,14.882,-6.186,-0.996
2021-04-29 15:06:10.621,15.131,-5.267,-1.264
2021-04-29 15:06:10.631,15.553,-4.941,-1.34
2021-04-29 15:06:10.640,16.108,-4.769,-1.187
2021-04-29 15:06:10.650,16.549,-4.597,-0.957
2021-04-29 15:06:10.660,17.181,-4.348,-0.727
2021-04-29 15:06:10.670,18.081,-4.041,-0.67
2021-04-29 15:06:10.681,18.675,-3.658,-0.766
2021-04-29 15:06:10.691,18.713,-3.313,-0.766
2021-04-29 15:06:10.700,18.79,-3.102,-0.823
2021-04-29 15:06:10.710,18.637,-2.988,-0.938
2021-04-29 15:06:10.720,18.024,-2.834,-0.957
2021-04-29 15:06:10.730,17.372,-2.662,-0.957
2021-04-29 15:06:10.740,16.798,-2.585,-0.976
2021-04-29 15:06:10.750,16.204,-2.604,-1.015
2021-04-29 15:06:10.762,15.649,-2.547,-1.091
2021-04-29 15:06:10.772,14.882,-2.375,-1.225
2021-04-29 15:06:10.787,14.097,-2.241,-1.379
2021-04-29 15:06:10.792,13.369,-2.221,-1.589
2021-04-29 15:06:10.799,12.565,-2.279,-1.781
2021-04-29 15:06:10.809,11.722,-2.336,-1.896
2021-04-29 15:06:10.819,10.764,-2.432,-1.762
2021-04-29 15:06:10.831,10.17,-2.509,-1.743
2021-04-29 15:06:10.840,9.5,-2.566,-1.666
2021-04-29 15:06:10.851,8.849,-2.585,-1.589
2021-04-29 15:06:10.860,8.408,-2.547,-1.532
2021-04-29 15:06:10.870,7.891,-2.643,-1.513
2021-04-29 15:06:10.881,7.508,-2.624,-1.532
2021-04-29 15:06:10.891,7.106,-2.604,-1.532
2021-04-29 15:06:10.900,6.761,-2.681,-1.532
2021-04-29 15:06:10.910,6.493,-2.853,-1.474
2021-04-29 15:06:10.921,6.071,-2.949,-1.398
2021-04-29 15:06:10.930,5.88,-2.892,-1.321
2021-04-29 15:06:10.941,5.688,-2.7,-1.187
2021-04-29 15:06:10.950,5.535,-2.49,-1.034
2021-04-29 15:06:10.960,5.497,-2.068,-0.842
2021-04-29 15:06:10.971,5.267,-1.972,-0.766
2021-04-29 15:06:10.981,5.095,-1.819,-0.651
2021-04-29 15:06:10.991,4.941,-1.589,-0.555
2021-04-29 15:06:11.001,4.769,-1.398,-0.478
2021-04-29 15:06:11.011,4.635,-1.225,-0.383
2021-04-29 15:06:11.020,4.462,-1.072,-0.287
2021-04-29 15:06:11.030,4.367,-0.957,-0.229
2021-04-29 15:06:11.041,4.29,-0.785,-0.153
2021-04-29 15:06:11.050,4.213,-0.612,-0.095
2021-04-29 15:06:11.060,4.194,-0.555,-0.076
2021-04-29 15:06:11.071,4.328,-0.632,-0.038
2021-04-29 15:06:11.094,5.056,-1.245,-0.038
2021-04-29 15:06:11.101,5.056,-1.245,-0.038
2021-04-29 15:06:11.107,5.727,-1.647,0
2021-04-29 15:06:11.114,6.589,-1.992,0
2021-04-29 15:06:11.121,7.297,-2.241,0.057
2021-04-29 15:06:11.130,7.891,-2.47,0.191
2021-04-29 15:06:11.141,8.6,-2.7,0.287
2021-04-29 15:06:11.150,9.443,-3.045,0.459
2021-04-29 15:06:11.161,10.534,-3.409,0.593
2021-04-29 15:06:11.170,11.492,-3.715,0.785
2021-04-29 15:06:11.180,12.507,-3.945,0.996
2021-04-29 15:06:11.190,13.848,-4.118,1.149
2021-04-29 15:06:11.201,15.629,-4.213,1.302
2021-04-29 15:06:11.211,17.602,-4.348,1.551
2021-04-29 15:06:11.221,19.518,-4.769,1.877
2021-04-29 15:06:11.230,20.801,-5.822,2.413
2021-04-29 15:06:11.240,21.108,-6.742,3.237
2021-04-29 15:06:11.251,20.82,-6.646,3.715
2021-04-29 15:06:11.260,20.169,-5.899,4.118
2021-04-29 15:06:11.270,19.767,-4.673,3.907
2021-04-29 15:06:11.280,19.537,-3.332,3.064
2021-04-29 15:06:11.290,18.33,-2.662,2.49
2021-04-29 15:06:11.300,16.817,-2.049,2.03
2021-04-29 15:06:11.311,15.744,-1.034,1.245
2021-04-29 15:06:11.322,15.304,0.229,0.421
2021-04-29 15:06:11.331,14.557,1.245,0.038
2021-04-29 15:06:11.340,13.81,1.647,0.057
2021-04-29 15:06:11.351,13.408,1.34,0
2021-04-29 15:06:11.360,13.944,0.383,0.268
2021-04-29 15:06:11.372,14.193,-0.191,0.517
2021-04-29 15:06:11.381,14.346,-0.842,0.881
2021-04-29 15:06:11.390,14.614,-1.762,1.245
2021-04-29 15:06:11.400,14.538,-2.93,1.494
2021-04-29 15:06:11.411,13.963,-4.233,1.685
2021-04-29 15:06:11.421,13.044,-5.535,1.781
2021-04-29 15:06:11.431,12.431,-6.282,1.704
2021-04-29 15:06:11.441,11.53,-6.608,1.455
2021-04-29 15:06:11.452,10.554,-6.838,1.015
2021-04-29 15:06:11.461,9.998,-6.704,0.268
2021-04-29 15:06:11.471,9.232,-6.512,-0.459
2021-04-29 15:06:11.480,8.37,-6.454,-1.13
2021-04-29 15:06:11.490,7.814,-6.378,-1.494
2021-04-29 15:06:11.500,7.508,-6.263,-1.532
2021-04-29 15:06:11.510,7.24,-6.205,-1.206
2021-04-29 15:06:11.521,7.202,-6.244,-0.766
2021-04-29 15:06:11.531,7.259,-6.225,-0.478
2021-04-29 15:06:11.541,7.067,-6.225,-0.363
2021-04-29 15:06:11.550,6.608,-6.263,-0.229
2021-04-29 15:06:11.561,6.818,-6.167,-0.421
2021-04-29 15:06:11.570,6.895,-6.416,-0.632
2021-04-29 15:06:11.581,6.914,-6.474,-0.593
2021-04-29 15:06:11.591,6.933,-6.129,-0.612
2021-04-29 15:06:11.601,7.087,-5.727,-0.612
2021-04-29 15:06:11.610,7.221,-5.363,-0.421
2021-04-29 15:06:11.620,7.163,-5.171,-0.038
2021-04-29 15:06:11.631,7.278,-4.903,0.325
2021-04-29 15:06:11.640,7.451,-4.75,0.823
2021-04-29 15:06:11.650,7.585,-4.711,1.283
2021-04-29 15:06:11.661,7.872,-4.75,1.666
2021-04-29 15:06:11.671,8.332,-4.788,1.992
2021-04-29 15:06:11.681,8.753,-4.711,2.336
2021-04-29 15:06:11.690,9.174,-4.654,2.662
2021-04-29 15:06:11.700,9.749,-4.577,2.815
2021-04-29 15:06:11.711,10.381,-4.424,2.815
2021-04-29 15:06:11.721,10.86,-4.271,2.739
2021-04-29 15:06:11.732,11.301,-4.137,2.604
2021-04-29 15:06:11.740,11.741,-4.041,2.375
2021-04-29 15:06:11.750,12.239,-4.003,2.126
2021-04-29 15:06:11.761,12.737,-3.964,2.011
2021-04-29 15:06:11.770,13.293,-3.945,2.087
2021-04-29 15:06:11.781,14.04,-3.696,2.068
2021-04-29 15:06:11.790,14.806,-3.313,1.953
2021-04-29 15:06:11.801,15.629,-3.045,1.743
2021-04-29 15:06:11.810,16.089,-2.968,1.647
2021-04-29 15:06:11.820,15.744,-3.505,1.781
2021-04-29 15:06:11.830,15.629,-4.635,2.126
2021-04-29 15:06:11.841,16.261,-6.244,2.566
2021-04-29 15:06:11.850,17.104,-7.489,2.892
2021-04-29 15:06:11.860,16.74,-8.025,2.911
2021-04-29 15:06:11.870,15.878,-7.834,2.49
2021-04-29 15:06:11.880,15.246,-7.182,1.704
2021-04-29 15:06:11.890,14.595,-6.378,0.842
2021-04-29 15:06:11.900,14.02,-5.688,0.229
2021-04-29 15:06:11.910,13.886,-5.133,-0.134
2021-04-29 15:06:11.920,14.135,-4.826,-0.344
2021-04-29 15:06:11.930,14.633,-4.577,-0.363
2021-04-29 15:06:11.940,15.093,-4.233,-0.229
2021-04-29 15:06:11.950,15.361,-4.003,-0.229
2021-04-29 15:06:11.960,15.649,-3.524,-0.344
2021-04-29 15:06:11.970,15.802,-2.988,-0.325
2021-04-29 15:06:11.980,15.955,-2.528,0.306
2021-04-29 15:06:11.996,15.668,-2.049,0.804
2021-04-29 15:06:12.001,15.304,-1.647,1.053
2021-04-29 15:06:12.010,15.131,-1.915,0.9
2021-04-29 15:06:12.019,14.902,-2.49,0.363
2021-04-29 15:06:12.030,14.633,-2.566,-0.153
2021-04-29 15:06:12.040,14.308,-2.394,-0.325
2021-04-29 15:06:12.051,13.982,-2.355,-0.517
2021-04-29 15:06:12.060,13.81,-2.221,-0.823
2021-04-29 15:06:12.070,13.446,-2.145,-1.072
2021-04-29 15:06:12.081,12.909,-2.126,-1.149
2021-04-29 15:06:12.090,12.488,-2.03,-1.072
2021-04-29 15:06:12.100,12.067,-2.011,-1.13
2021-04-29 15:06:12.110,11.339,-2.202,-1.168
2021-04-29 15:06:12.120,10.783,-2.298,-1.187
2021-04-29 15:06:12.131,10.132,-2.355,-1.206
2021-04-29 15:06:12.140,9.596,-2.279,-1.149
2021-04-29 15:06:12.158,9.04,-2.279,-1.187
2021-04-29 15:06:12.164,8.542,-2.298,-1.13
2021-04-29 15:06:12.171,8.063,-2.336,-1.034
2021-04-29 15:06:12.181,7.834,-2.336,-1.015
2021-04-29 15:06:12.190,7.527,-2.355,-1.13
2021-04-29 15:06:12.201,7.144,-2.394,-1.168
2021-04-29 15:06:12.210,6.857,-2.375,-1.187
2021-04-29 15:06:12.220,6.589,-2.336,-1.264
2021-04-29 15:06:12.229,6.301,-2.317,-1.302
2021-04-29 15:06:12.241,6.052,-2.26,-1.302
2021-04-29 15:06:12.250,5.784,-2.183,-1.206
2021-04-29 15:06:12.262,5.497,-2.068,-1.168
2021-04-29 15:06:12.271,5.248,-2.126,-0.996
2021-04-29 15:06:12.280,5.114,-2.183,-0.804
2021-04-29 15:06:12.291,4.96,-2.279,-0.593
2021-04-29 15:06:12.300,4.922,-2.298,-0.363
2021-04-29 15:06:12.310,4.96,-2.26,-0.21
2021-04-29 15:06:12.321,4.769,-1.972,0.057
2021-04-29 15:06:12.331,4.807,-1.915,0.114
2021-04-29 15:06:12.341,4.96,-1.953,0.153
2021-04-29 15:06:12.351,5.19,-1.896,0.229
2021-04-29 15:06:12.361,5.535,-1.857,0.306
2021-04-29 15:06:12.370,5.956,-1.8,0.344
2021-04-29 15:06:12.381,6.474,-1.819,0.421
2021-04-29 15:06:12.392,7.144,-1.972,0.44
2021-04-29 15:06:12.400,7.834,-2.145,0.44
2021-04-29 15:06:12.411,8.485,-2.317,0.536
2021-04-29 15:06:12.422,9.27,-2.528,0.612
2021-04-29 15:06:12.430,10.285,-2.739,0.747
2021-04-29 15:06:12.441,11.224,-3.045,1.015
2021-04-29 15:06:12.450,11.913,-3.562,1.455
2021-04-29 15:06:12.460,12.469,-4.118,1.915
2021-04-29 15:06:12.470,12.814,-4.635,2.355
2021-04-29 15:06:12.480,12.909,-4.769,2.758
2021-04-29 15:06:12.490,13.005,-4.52,2.911
2021-04-29 15:06:12.501,13.254,-4.099,2.643
2021-04-29 15:06:12.511,13.676,-3.62,2.202
2021-04-29 15:06:12.520,14.116,-3.179,1.628
2021-04-29 15:06:12.530,14.691,-2.777,0.881
2021-04-29 15:06:12.541,15.323,-2.221,0.038
2021-04-29 15:06:12.550,15.936,-1.857,-0.536
2021-04-29 15:06:12.561,16.587,-1.647,-0.842
2021-04-29 15:06:12.571,17.143,-1.781,-0.9
2021-04-29 15:06:12.581,17.756,-2.068,-0.383
2021-04-29 15:06:12.590,18.445,-2.355,0.459
2021-04-29 15:06:12.601,18.637,-3.122,1.379
2021-04-29 15:06:12.611,18.426,-4.003,2.126
2021-04-29 15:06:12.621,17.736,-4.29,2.183
2021-04-29 15:06:12.630,16.185,-3.696,1.953
2021-04-29 15:06:12.640,14.595,-3.102,1.455
2021-04-29 15:06:12.651,13.58,-2.892,1.379
2021-04-29 15:06:12.660,12.756,-3.045,1.57
2021-04-29 15:06:12.670,12.239,-3.524,1.762
2021-04-29 15:06:12.681,11.722,-4.386,1.838
2021-04-29 15:06:12.690,11.32,-5.382,1.513
2021-04-29 15:06:12.700,10.956,-5.937,1.149
2021-04-29 15:06:12.711,10.496,-5.995,0.919
2021-04-29 15:06:12.721,9.864,-6.014,0.766
2021-04-29 15:06:12.731,9.213,-6.167,0.689
2021-04-29 15:06:12.741,8.868,-6.301,0.747
2021-04-29 15:06:12.750,8.81,-6.244,0.919
2021-04-29 15:06:12.761,8.753,-5.956,1.11
2021-04-29 15:06:12.771,8.466,-5.516,1.379
2021-04-29 15:06:12.781,8.274,-5.056,1.685
2021-04-29 15:06:12.791,8.159,-4.577,2.011
2021-04-29 15:06:12.802,7.929,-4.29,2.241
2021-04-29 15:06:12.811,7.757,-4.252,2.394
2021-04-29 15:06:12.821,7.795,-4.29,2.451
2021-04-29 15:06:12.831,7.795,-4.424,2.624
2021-04-29 15:06:12.842,7.623,-5.018,2.566
2021-04-29 15:06:12.851,7.968,-5.65,2.202
2021-04-29 15:06:12.860,8.293,-5.861,1.953
2021-04-29 15:06:12.870,8.178,-5.976,1.781
2021-04-29 15:06:12.880,8.312,-6.033,1.666
2021-04-29 15:06:12.891,8.6,-6.014,1.647
2021-04-29 15:06:12.901,9.117,-5.937,1.762
2021-04-29 15:06:12.912,9.672,-5.727,1.992
2021-04-29 15:06:12.920,10.151,-5.458,2.336
2021-04-29 15:06:12.930,10.707,-5.229,2.643
2021-04-29 15:06:12.941,11.128,-5.037,2.873
2021-04-29 15:06:12.950,11.492,-4.865,3.026
2021-04-29 15:06:12.960,11.837,-4.731,2.988
2021-04-29 15:06:12.972,12.239,-4.616,2.777
2021-04-29 15:06:12.980,12.814,-4.597,2.528
2021-04-29 15:06:12.992,13.58,-4.731,2.375
2021-04-29 15:06:13.005,14.289,-4.999,2.202
2021-04-29 15:06:13.012,14.748,-5.286,2.126
2021-04-29 15:06:13.023,15.246,-5.458,2.011
2021-04-29 15:06:13.031,15.534,-5.593,1.915
2021-04-29 15:06:13.040,15.495,-5.707,1.781
2021-04-29 15:06:13.051,15.304,-5.688,1.628
2021-04-29 15:06:13.060,14.959,-5.497,1.436
2021-04-29 15:06:13.071,14.346,-5.19,1.206
2021-04-29 15:06:13.080,13.791,-4.846,1.034
2021-04-29 15:06:13.090,13.312,-4.673,0.861
2021-04-29 15:06:13.100,13.159,-4.616,0.689
2021-04-29 15:06:13.110,13.293,-4.558,0.593
2021-04-29 15:06:13.121,13.58,-4.482,0.574
2021-04-29 15:06:13.130,13.963,-4.482,0.593
2021-04-29 15:06:13.140,14.346,-4.577,0.612
2021-04-29 15:06:13.151,14.672,-4.635,0.612
2021-04-29 15:06:13.160,14.748,-4.635,0.593
2021-04-29 15:06:13.170,14.787,-4.52,0.459
2021-04-29 15:06:13.180,14.863,-4.348,0.363
2021-04-29 15:06:13.190,14.787,-4.156,0.306
2021-04-29 15:06:13.199,14.633,-3.945,0.268
2021-04-29 15:06:13.210,14.518,-3.62,0.172
2021-04-29 15:06:13.220,14.289,-3.237,0.057
2021-04-29 15:06:13.230,14.04,-3.026,0
2021-04-29 15:06:13.240,13.829,-2.681,-0.095
2021-04-29 15:06:13.250,13.542,-2.451,-0.153
2021-04-29 15:06:13.261,13.273,-2.221,-0.172
2021-04-29 15:06:13.271,12.929,-2.049,-0.268
2021-04-29 15:06:13.280,12.546,-1.972,-0.402
2021-04-29 15:06:13.291,12.162,-1.915,-0.478
2021-04-29 15:06:13.300,11.722,-1.819,-0.574
2021-04-29 15:06:13.310,11.301,-1.666,-0.632
2021-04-29 15:06:13.320,10.803,-1.57,-0.689
2021-04-29 15:06:13.331,10.343,-1.57,-0.785
2021-04-29 15:06:13.340,9.96,-1.608,-0.842
2021-04-29 15:06:13.350,9.615,-1.704,-0.938
2021-04-29 15:06:13.361,9.27,-1.838,-0.957
2021-04-29 15:06:13.370,8.925,-1.972,-0.996
2021-04-29 15:06:13.380,8.6,-2.145,-1.015
2021-04-29 15:06:13.391,8.217,-2.317,-0.996
2021-04-29 15:06:13.401,7.891,-2.355,-0.823
2021-04-29 15:06:13.411,7.527,-2.298,-0.861
2021-04-29 15:06:13.421,7.048,-2.432,-0.861
2021-04-29 15:06:13.431,6.895,-2.49,-0.861
2021-04-29 15:06:13.440,6.684,-2.47,-0.938
2021-04-29 15:06:13.450,6.34,-2.451,-0.976
2021-04-29 15:06:13.460,5.995,-2.451,-0.957
2021-04-29 15:06:13.470,5.727,-2.432,-0.919
2021-04-29 15:06:13.481,5.458,-2.413,-0.919
2021-04-29 15:06:13.491,5.229,-2.47,-0.9
2021-04-29 15:06:13.502,4.96,-2.509,-0.823
2021-04-29 15:06:13.511,4.903,-2.49,-0.708
2021-04-29 15:06:13.521,4.96,-2.585,-0.612
2021-04-29 15:06:13.530,5.018,-2.681,-0.44
2021-04-29 15:06:13.540,4.999,-2.873,-0.114
2021-04-29 15:06:13.551,5.324,-3.332,0.076
2021-04-29 15:06:13.561,5.937,-3.543,-0.038
2021-04-29 15:06:13.570,6.148,-3.696,-0.344
2021-04-29 15:06:13.580,6.589,-3.984,-0.555
2021-04-29 15:06:13.591,7.067,-3.85,-0.612
2021-04-29 15:06:13.601,7.546,-3.696,-0.574
2021-04-29 15:06:13.611,8.236,-3.639,-0.555
2021-04-29 15:06:13.621,9.079,-3.658,-0.44
2021-04-29 15:06:13.632,10.036,-3.601,-0.306
2021-04-29 15:06:13.641,12.239,-3.045,-0.019
2021-04-29 15:06:13.650,12.239,-3.045,-0.019
2021-04-29 15:06:13.661,13.35,-2.892,0.268
2021-04-29 15:06:13.670,14.059,-2.892,0.632
2021-04-29 15:06:13.681,14.174,-3.007,1.168
2021-04-29 15:06:13.690,13.791,-3.045,1.723
2021-04-29 15:06:13.701,13.159,-2.758,2.126
2021-04-29 15:06:13.710,12.66,-2.241,2.355
2021-04-29 15:06:13.720,12.048,-1.398,2.03
2021-04-29 15:06:13.730,12.086,-1.11,1.685
2021-04-29 15:06:13.740,12.239,-0.881,1.11
2021-04-29 15:06:13.751,12.526,-0.842,0.651
2021-04-29 15:06:13.762,13.235,-0.823,0.306
2021-04-29 15:06:13.771,14.059,-0.996,0.076
2021-04-29 15:06:13.780,14.729,-1.608,-0.076
2021-04-29 15:06:13.790,15.553,-2.26,0.191
2021-04-29 15:06:13.800,16.147,-2.873,0.689
2021-04-29 15:06:13.811,16.472,-3.543,1.225
2021-04-29 15:06:13.820,16.3,-4.041,1.819
2021-04-29 15:06:13.831,15.553,-4.233,2.317
2021-04-29 15:06:13.841,14.653,-4.137,2.585
2021-04-29 15:06:13.851,13.733,-3.964,2.643
2021-04-29 15:06:13.861,12.89,-3.907,2.509
2021-04-29 15:06:13.871,12.162,-3.869,2.336
2021-04-29 15:06:13.881,11.588,-3.869,2.145
2021-04-29 15:06:13.890,11.224,-3.792,1.915
2021-04-29 15:06:13.900,10.783,-3.773,1.762
2021-04-29 15:06:13.910,10.458,-3.945,1.762
2021-04-29 15:06:13.920,10.285,-4.252,1.762
2021-04-29 15:06:13.931,10.036,-4.75,1.781
2021-04-29 15:06:13.940,9.73,-5.19,1.8
2021-04-29 15:06:13.950,9.557,-5.401,1.877
2021-04-29 15:06:13.961,9.462,-5.478,1.953
2021-04-29 15:06:13.970,9.404,-5.497,2.011
2021-04-29 15:06:13.981,9.27,-5.42,2.03
2021-04-29 15:06:13.990,9.059,-5.267,2.145
2021-04-29 15:06:14.000,9.002,-4.941,2.183
2021-04-29 15:06:14.011,8.945,-4.482,2.317
2021-04-29 15:06:14.021,8.791,-4.118,2.47
2021-04-29 15:06:14.031,8.734,-3.964,2.547
2021-04-29 15:06:14.040,8.887,-3.869,2.624
2021-04-29 15:06:14.050,8.925,-3.773,2.643
2021-04-29 15:06:14.061,8.925,-3.735,2.662
2021-04-29 15:06:14.071,9.021,-3.85,2.566
2021-04-29 15:06:14.082,9.098,-4.003,2.413
2021-04-29 15:06:14.090,9.174,-4.118,2.279
2021-04-29 15:06:14.101,9.27,-4.156,2.126
2021-04-29 15:06:14.110,9.366,-4.29,1.992
2021-04-29 15:06:14.120,9.634,-4.558,1.915
2021-04-29 15:06:14.130,9.941,-4.807,1.877
2021-04-29 15:06:14.139,10.209,-4.96,1.857
2021-04-29 15:06:14.150,10.554,-5.018,1.896
2021-04-29 15:06:14.161,10.956,-5.018,1.953
2021-04-29 15:06:14.170,11.243,-4.96,1.953
2021-04-29 15:06:14.180,11.454,-4.96,1.838
2021-04-29 15:06:14.191,11.645,-4.826,1.57
2021-04-29 15:06:14.210,11.875,-4.731,1.245
2021-04-29 15:06:14.220,12.431,-4.846,1.053
2021-04-29 15:06:14.229,13.12,-5.171,0.996
2021-04-29 15:06:14.236,13.561,-5.573,1.034
2021-04-29 15:06:14.242,13.848,-5.995,1.13
2021-04-29 15:06:14.250,14.231,-6.493,1.321
2021-04-29 15:06:14.260,14.557,-6.991,1.532
2021-04-29 15:06:14.270,14.538,-7.355,1.685
2021-04-29 15:06:14.280,14.174,-7.393,1.762
2021-04-29 15:06:14.290,13.599,-7.202,1.513
2021-04-29 15:06:14.301,13.178,-6.742,1.034
2021-04-29 15:06:14.310,12.756,-5.995,0.593
2021-04-29 15:06:14.320,12.297,-5.171,0.268
2021-04-29 15:06:14.330,12.162,-4.558,0.076
2021-04-29 15:06:14.340,12.469,-4.252,-0.038
2021-04-29 15:06:14.350,12.967,-4.194,0
2021-04-29 15:06:14.360,13.427,-4.175,0.057
2021-04-29 15:06:14.370,13.925,-4.194,0.095
2021-04-29 15:06:14.380,14.289,-4.099,0.172
2021-04-29 15:06:14.393,14.404,-3.984,0.21
2021-04-29 15:06:14.404,14.442,-3.888,0.249
2021-04-29 15:06:14.410,14.384,-3.792,0.287
2021-04-29 15:06:14.425,14.193,-3.696,0.249
2021-04-29 15:06:14.431,14.001,-3.543,0.306
2021-04-29 15:06:14.439,13.637,-3.256,0.421
2021-04-29 15:06:14.449,13.235,-3.045,0.344
2021-04-29 15:06:14.459,13.005,-2.988,0.172
2021-04-29 15:06:14.469,12.775,-2.834,0.057
2021-04-29 15:06:14.480,12.45,-2.662,-0.057
2021-04-29 15:06:14.490,12.182,-2.585,-0.191
2021-04-29 15:06:14.500,11.971,-2.566,-0.268
2021-04-29 15:06:14.510,11.818,-2.566,-0.383
2021-04-29 15:06:14.520,11.664,-2.566,-0.478
2021-04-29 15:06:14.531,11.511,-2.566,-0.574
2021-04-29 15:06:14.541,11.339,-2.566,-0.612
2021-04-29 15:06:14.551,11.09,-2.566,-0.632
2021-04-29 15:06:14.561,10.841,-2.585,-0.632
2021-04-29 15:06:14.571,10.534,-2.528,-0.612
2021-04-29 15:06:14.580,10.209,-2.47,-0.651
2021-04-29 15:06:14.590,9.883,-2.47,-0.651
2021-04-29 15:06:14.601,9.557,-2.47,-0.67
2021-04-29 15:06:14.610,9.213,-2.432,-0.689
2021-04-29 15:06:14.620,8.868,-2.432,-0.727
2021-04-29 15:06:14.632,8.504,-2.413,-0.747
2021-04-29 15:06:14.641,8.14,-2.375,-0.842
2021-04-29 15:06:14.651,7.757,-2.336,-0.881
2021-04-29 15:06:14.662,7.412,-2.317,-0.957
2021-04-29 15:06:14.671,7.048,-2.375,-1.034
2021-04-29 15:06:14.681,6.742,-2.432,-0.996
2021-04-29 15:06:14.691,6.359,-2.451,-0.976
2021-04-29 15:06:14.701,6.148,-2.413,-1.015
2021-04-29 15:06:14.711,5.842,-2.49,-0.919
2021-04-29 15:06:14.720,5.554,-2.547,-0.861
2021-04-29 15:06:14.731,5.286,-2.662,-0.881
2021-04-29 15:06:14.742,5.095,-2.758,-0.747
2021-04-29 15:06:14.750,4.865,-2.815,-0.632
2021-04-29 15:06:14.761,4.788,-2.873,-0.574
2021-04-29 15:06:14.771,4.846,-2.968,-0.498
2021-04-29 15:06:14.782,4.96,-3.026,-0.44
2021-04-29 15:06:14.792,5.114,-3.007,-0.402
2021-04-29 15:06:14.801,5.324,-3.083,-0.344
2021-04-29 15:06:14.810,5.765,-3.083,-0.249
2021-04-29 15:06:14.820,6.301,-3.026,-0.191
2021-04-29 15:06:14.830,6.493,-3.16,-0.038
2021-04-29 15:06:14.840,6.55,-3.275,0.191
2021-04-29 15:06:14.849,6.933,-3.409,0.402
2021-04-29 15:06:14.861,7.91,-3.428,0.555
2021-04-29 15:06:14.870,9.002,-3.486,0.689
2021-04-29 15:06:14.882,10.362,-3.562,0.804
2021-04-29 15:06:14.891,11.913,-3.581,0.804
2021-04-29 15:06:14.900,13.618,-3.639,0.747
2021-04-29 15:06:14.910,15.093,-3.888,0.881
2021-04-29 15:06:14.921,15.457,-4.271,1.283
2021-04-29 15:06:14.931,14.691,-4.424,1.857
2021-04-29 15:06:14.942,13.58,-4.118,2.317
2021-04-29 15:06:14.950,12.622,-3.39,2.413
2021-04-29 15:06:14.961,11.894,-2.49,2.375
2021-04-29 15:06:14.970,11.454,-1.704,2.241
2021-04-29 15:06:14.980,11.243,-1.245,2.011
2021-04-29 15:06:14.990,11.435,-1.015,1.608
2021-04-29 15:06:15.000,12.162,-1.091,1.206
2021-04-29 15:06:15.011,13.178,-1.57,0.727
2021-04-29 15:06:15.020,14.078,-2.413,0.402
2021-04-29 15:06:15.030,14.806,-2.988,0.747
2021-04-29 15:06:15.041,15.361,-3.543,1.149
2021-04-29 15:06:15.050,16.012,-4.252,1.532
2021-04-29 15:06:15.060,16.338,-4.941,2.011
2021-04-29 15:06:15.071,16.204,-5.267,2.585
2021-04-29 15:06:15.080,15.553,-5.037,3.39
2021-04-29 15:06:15.090,14.653,-4.577,3.792
2021-04-29 15:06:15.101,13.197,-3.773,3.447
2021-04-29 15:06:15.110,12.699,-3.39,3.237
2021-04-29 15:06:15.121,12.297,-2.911,3.083
2021-04-29 15:06:15.130,11.626,-2.758,3.122
2021-04-29 15:06:15.140,11.205,-2.949,3.064
2021-04-29 15:06:15.151,11.224,-3.256,3.045
2021-04-29 15:06:15.161,11.128,-3.658,3.275
2021-04-29 15:06:15.171,10.917,-4.175,3.639
2021-04-29 15:06:15.181,11.032,-4.616,3.83
2021-04-29 15:06:15.191,11.128,-4.903,4.06
2021-04-29 15:06:15.200,11.09,-4.999,4.233
2021-04-29 15:06:15.210,11.032,-5.018,4.386
2021-04-29 15:06:15.221,11.052,-4.865,4.52
2021-04-29 15:06:15.231,11.109,-4.558,4.731
2021-04-29 15:06:15.241,11.128,-4.328,4.884
2021-04-29 15:06:15.250,11.186,-4.194,5.037
2021-04-29 15:06:15.261,11.435,-4.003,5.114
2021-04-29 15:06:15.271,11.664,-3.715,5.19
2021-04-29 15:06:15.281,11.684,-3.466,5.229
2021-04-29 15:06:15.290,11.645,-3.198,5.152
2021-04-29 15:06:15.300,11.607,-2.968,4.999
2021-04-29 15:06:15.311,11.53,-2.777,4.826
2021-04-29 15:06:15.321,11.415,-2.643,4.711
2021-04-29 15:06:15.332,11.492,-2.547,4.539
2021-04-29 15:06:15.340,11.588,-2.451,4.328
2021-04-29 15:06:15.350,11.569,-2.394,4.118
2021-04-29 15:06:15.365,11.569,-2.413,3.85
2021-04-29 15:06:15.372,11.684,-2.509,3.639
2021-04-29 15:06:15.383,11.875,-2.528,3.486
2021-04-29 15:06:15.390,12.143,-2.49,3.409
2021-04-29 15:06:15.402,12.507,-2.413,3.313
2021-04-29 15:06:15.410,12.929,-2.375,3.237
2021-04-29 15:06:15.430,13.331,-2.47,3.102
2021-04-29 15:06:15.437,13.752,-2.566,3.007
2021-04-29 15:06:15.443,13.944,-2.566,2.988
2021-04-29 15:06:15.451,13.886,-2.719,2.777
2021-04-29 15:06:15.460,13.771,-3.217,2.241
2021-04-29 15:06:15.470,13.695,-3.85,1.589
2021-04-29 15:06:15.479,13.657,-4.29,1.015
2021-04-29 15:06:15.490,13.599,-4.673,0.498
2021-04-29 15:06:15.500,13.484,-5.171,0.114
2021-04-29 15:06:15.510,13.446,-5.803,-0.229
2021-04-29 15:06:15.519,13.522,-6.359,-0.44
2021-04-29 15:06:15.529,13.542,-6.857,-0.632
2021-04-29 15:06:15.539,13.695,-7.163,-0.996
2021-04-29 15:06:15.549,13.771,-7.316,-1.455
2021-04-29 15:06:15.559,13.733,-7.259,-1.972
2021-04-29 15:06:15.569,13.58,-7.048,-2.355
2021-04-29 15:06:15.579,13.522,-6.876,-2.681
2021-04-29 15:06:15.589,13.618,-6.895,-3.083
2021-04-29 15:06:15.599,13.522,-7.125,-3.409
2021-04-29 15:06:15.609,13.484,-7.412,-3.639
2021-04-29 15:06:15.619,13.599,-7.451,-3.773
2021-04-29 15:06:15.629,13.676,-7.221,-3.964
2021-04-29 15:06:15.639,13.714,-6.895,-4.156
2021-04-29 15:06:15.650,13.657,-6.608,-4.328
2021-04-29 15:06:15.660,13.484,-6.359,-4.597
2021-04-29 15:06:15.670,13.005,-6.186,-4.846
2021-04-29 15:06:15.680,12.239,-6.205,-4.941
2021-04-29 15:06:15.690,11.339,-6.416,-4.941
2021-04-29 15:06:15.700,10.688,-6.493,-4.788
2021-04-29 15:06:15.710,10.056,-6.32,-4.462
2021-04-29 15:06:15.720,9.672,-6.225,-4.482
2021-04-29 15:06:15.730,9.711,-5.88,-4.558
2021-04-29 15:06:15.741,9.749,-5.401,-4.597
2021-04-29 15:06:15.750,9.845,-5.248,-4.865
2021-04-29 15:06:15.761,9.826,-5.248,-4.999
2021-04-29 15:06:15.771,9.73,-5.248,-4.922
2021-04-29 15:06:15.782,9.519,-5.095,-4.673
2021-04-29 15:06:15.791,9.155,-4.865,-4.348
2021-04-29 15:06:15.801,8.849,-4.788,-4.079
2021-04-29 15:06:15.811,8.6,-4.865,-3.888
2021-04-29 15:06:15.821,8.581,-4.96,-3.83
2021-04-29 15:06:15.831,8.676,-4.98,-3.735
2021-04-29 15:06:15.840,8.676,-4.903,-3.466
2021-04-29 15:06:15.850,8.791,-4.846,-3.198
2021-04-29 15:06:15.860,8.83,-4.884,-2.968
2021-04-29 15:06:15.872,8.925,-4.922,-2.719
2021-04-29 15:06:15.881,9.098,-4.922,-2.566
2021-04-29 15:06:15.890,9.308,-4.98,-2.413
2021-04-29 15:06:15.900,9.692,-5.133,-2.317
2021-04-29 15:06:15.912,10.113,-5.19,-2.202
2021-04-29 15:06:15.921,10.515,-5.286,-2.049
2021-04-29 15:06:15.930,10.956,-5.267,-1.953
2021-04-29 15:06:15.941,11.396,-5.133,-1.743
2021-04-29 15:06:15.950,11.894,-5.171,-1.551
2021-04-29 15:06:15.960,12.431,-5.267,-1.359
2021-04-29 15:06:15.970,12.89,-5.324,-1.187
2021-04-29 15:06:15.980,13.273,-5.344,-1.091
2021-04-29 15:06:15.990,13.657,-5.401,-1.053
2021-04-29 15:06:16.000,14.04,-5.42,-0.938
2021-04-29 15:06:16.010,14.48,-5.439,-0.842
2021-04-29 15:06:16.021,14.921,-5.478,-0.9
2021-04-29 15:06:16.031,15.227,-5.344,-0.919
2021-04-29 15:06:16.041,15.495,-5.229,-0.938
2021-04-29 15:06:16.051,15.783,-5.095,-0.996
2021-04-29 15:06:16.060,16.166,-4.96,-0.957
2021-04-29 15:06:16.070,16.472,-4.788,-0.861
2021-04-29 15:06:16.081,16.606,-4.405,-0.747
2021-04-29 15:06:16.091,16.625,-3.945,-0.555
2021-04-29 15:06:16.101,16.645,-3.486,-0.421
2021-04-29 15:06:16.111,16.434,-3.237,-0.363
2021-04-29 15:06:16.120,16.223,-3.064,-0.191
2021-04-29 15:06:16.130,16.147,-2.528,0.114
2021-04-29 15:06:16.141,15.859,-1.934,0.383
2021-04-29 15:06:16.152,15.668,-1.608,0.517
2021-04-29 15:06:16.160,15.514,-1.436,0.708
2021-04-29 15:06:16.170,15.285,-1.149,0.919
2021-04-29 15:06:16.181,15.016,-0.861,0.976
2021-04-29 15:06:16.190,14.653,-0.651,0.996
2021-04-29 15:06:16.201,14.365,-0.459,1.072
2021-04-29 15:06:16.210,14.02,-0.498,1.149
2021-04-29 15:06:16.221,13.542,-0.727,1.168
2021-04-29 15:06:16.230,13.005,-0.823,1.379
2021-04-29 15:06:16.240,12.316,-0.861,1.723
2021-04-29 15:06:16.251,11.53,-0.842,2.221
2021-04-29 15:06:16.261,10.764,-0.9,2.624
2021-04-29 15:06:16.271,9.998,-1.015,2.873
2021-04-29 15:06:16.280,9.347,-1.11,2.968
2021-04-29 15:06:16.290,8.715,-1.206,3.083
2021-04-29 15:06:16.301,8.274,-1.149,3.064
2021-04-29 15:06:16.310,8.121,-1.015,2.873
2021-04-29 15:06:16.321,7.929,-0.938,2.758
2021-04-29 15:06:16.331,8.102,-0.612,2.7
2021-04-29 15:06:16.341,8.427,-0.095,2.681
2021-04-29 15:06:16.350,8.504,0.191,2.547
2021-04-29 15:06:16.361,8.447,0.287,2.336
2021-04-29 15:06:16.370,8.255,0.268,2.087
2021-04-29 15:06:16.380,8.063,0.287,1.819
2021-04-29 15:06:16.391,7.719,0.134,1.589
2021-04-29 15:06:16.401,7.47,-0.191,1.398
2021-04-29 15:06:16.411,7.565,-0.459,1.245
2021-04-29 15:06:16.420,7.795,-0.612,1.206
2021-04-29 15:06:16.431,8.217,-0.785,1.11
2021-04-29 15:06:16.440,8.657,-1.072,1.034
2021-04-29 15:06:16.451,9.079,-1.34,0.957
2021-04-29 15:06:16.460,9.366,-1.685,0.804
2021-04-29 15:06:16.470,9.462,-1.934,0.747
2021-04-29 15:06:16.482,9.423,-2.087,0.785
2021-04-29 15:06:16.493,9.538,-2.317,0.766
2021-04-29 15:06:16.501,9.807,-2.566,0.785
2021-04-29 15:06:16.510,10.132,-2.758,0.804
2021-04-29 15:06:16.521,10.419,-2.93,0.708
2021-04-29 15:06:16.531,10.534,-3.141,0.708
2021-04-29 15:06:16.541,10.592,-3.064,0.785
2021-04-29 15:06:16.551,10.63,-3.026,0.823
2021-04-29 15:06:16.561,10.668,-3.237,0.727
2021-04-29 15:06:16.570,10.688,-3.486,0.67
2021-04-29 15:06:16.581,10.86,-3.581,0.632
2021-04-29 15:06:16.591,11.09,-3.696,0.536
2021-04-29 15:06:16.600,11.205,-3.677,0.536
2021-04-29 15:06:16.610,11.377,-3.639,0.478
2021-04-29 15:06:16.620,11.55,-3.735,0.383
2021-04-29 15:06:16.630,11.626,-3.85,0.344
2021-04-29 15:06:16.641,11.684,-3.945,0.344
2021-04-29 15:06:16.650,11.76,-4.041,0.363
2021-04-29 15:06:16.660,11.837,-4.118,0.459
2021-04-29 15:06:16.670,11.856,-4.175,0.498
2021-04-29 15:06:16.680,11.779,-4.213,0.574
2021-04-29 15:06:16.689,11.722,-4.328,0.574
2021-04-29 15:06:16.700,11.779,-4.501,0.536
2021-04-29 15:06:16.711,11.741,-4.616,0.498
2021-04-29 15:06:16.720,11.664,-4.692,0.44
2021-04-29 15:06:16.730,11.55,-4.75,0.44
2021-04-29 15:06:16.740,11.473,-4.846,0.517
2021-04-29 15:06:16.750,11.473,-4.96,0.555
2021-04-29 15:06:16.760,11.377,-5.056,0.651
2021-04-29 15:06:16.770,11.262,-5.114,0.727
2021-04-29 15:06:16.780,11.071,-5.133,0.842
2021-04-29 15:06:16.789,10.86,-5.095,0.957
2021-04-29 15:06:16.799,10.668,-5.075,0.938
2021-04-29 15:06:16.808,10.477,-5.075,0.938
2021-04-29 15:06:16.819,10.496,-5.018,0.938
2021-04-29 15:06:16.829,10.745,-4.98,0.996
2021-04-29 15:06:16.840,10.994,-4.884,1.015
2021-04-29 15:06:16.850,11.032,-4.807,0.996
2021-04-29 15:06:16.860,11.052,-4.711,0.919
2021-04-29 15:06:16.870,10.994,-4.654,0.804
2021-04-29 15:06:16.880,10.822,-4.711,0.727
2021-04-29 15:06:16.891,10.726,-4.807,0.689
2021-04-29 15:06:16.900,11.09,-4.98,0.67
2021-04-29 15:06:16.911,11.818,-5.248,0.708
2021-04-29 15:06:16.920,12.143,-5.631,0.823
2021-04-29 15:06:16.930,11.952,-5.976,0.996
2021-04-29 15:06:16.941,11.952,-6.263,1.091
2021-04-29 15:06:16.951,12.22,-6.608,1.11
2021-04-29 15:06:16.961,12.45,-6.895,1.091
2021-04-29 15:06:16.972,12.469,-7.029,1.149
2021-04-29 15:06:16.981,12.335,-6.895,1.264
2021-04-29 15:06:16.992,11.856,-6.742,1.302
2021-04-29 15:06:17.004,11.377,-6.512,1.245
2021-04-29 15:06:17.012,11.186,-6.071,1.13
2021-04-29 15:06:17.022,11.224,-5.439,1.034
2021-04-29 15:06:17.031,11.262,-4.922,0.957
2021-04-29 15:06:17.042,11.435,-4.482,0.804
2021-04-29 15:06:17.051,11.569,-4.137,0.708
2021-04-29 15:06:17.061,11.722,-3.945,0.651
2021-04-29 15:06:17.070,12.028,-3.83,0.632
2021-04-29 15:06:17.080,12.565,-3.811,0.747
