TimeStamp,X-Axis,Y-Axis,Z-Axis,Velocity
2021-04-21 10:35:45.757,0.0,-2.049,9.462,0.00
2021-04-21 10:35:46.386,0.019,-2.049,9.462,1.84
2021-04-21 10:35:46.718,0.038,-2.068,9.481,190.00
2021-04-21 10:35:47.566,0.019,-2.049,9.462,1.92
2021-04-21 10:35:48.306,0.0,-2.068,9.462,1.89
2021-04-21 10:35:48.506,0.019,-2.049,9.443,0.97
2021-04-21 10:35:49.307,-0.019,-2.068,9.462,0.00
2021-04-21 10:35:50.710,-0.019,-2.068,9.462,2.86
2021-04-21 10:35:51.305,-0.038,-2.068,9.481,0.95
2021-04-21 10:35:51.907,-0.019,-2.049,9.481,1.90s
2021-04-21 10:35:52.306,0.0,-2.068,9.481,0.97
2021-04-21 10:35:53.106,-0.019,-2.049,9.462,0.95
2021-04-21 10:35:53.305,0.0,-2.068,9.462,0.00
2021-04-21 10:35:54.905,-0.019,-2.049,9.481,0.95
2021-04-21 10:35:55.107,-0.019,-2.049,9.462,0.95
2021-04-21 10:35:57.707,-0.019,-2.068,9.462,0.95
2021-04-21 10:35:58.307,-0.038,-2.049,9.462,0.00
2021-04-21 10:35:58.506,-0.057,-2.03,9.462,1.89
2021-04-21 10:35:59.507,-0.038,-2.049,9.462,0.00
2021-04-21 10:35:59.707,-0.057,-2.068,9.462,1.92
2021-04-21 10:36:01.307,-0.057,-2.068,9.462,2.84
2021-04-21 10:36:03.107,-0.038,-2.049,9.462,0.00
2021-04-21 10:36:03.907,-0.019,-2.049,9.481,0.95
2021-04-21 10:36:06.307,-0.038,-2.049,9.481,0.95
2021-04-21 10:36:07.307,-0.057,-2.049,9.481,0.95
2021-04-21 10:36:07.707,-0.076,-2.03,9.481,0.95
2021-04-21 10:36:12.307,-0.057,-2.049,9.481,0.00
2021-04-21 10:36:12.507,-0.057,-2.03,9.481,0.00
2021-04-21 10:36:13.107,-0.057,-2.049,9.481,0.00
2021-04-21 10:36:14.105,-0.038,-2.03,9.462,0.95
2021-04-21 10:36:14.707,-0.057,-2.049,9.481,1.90
2021-04-21 10:36:15.107,-0.038,-2.03,9.481,2.86
2021-04-21 10:36:17.107,-0.038,-2.049,9.481,0.95
2021-04-21 10:36:18.709,-0.019,-2.03,9.5,2.85
2021-04-21 10:36:19.307,-0.057,-2.049,9.462,4.75
2021-04-21 10:36:19.507,-0.057,-2.049,9.462,2.85
2021-04-21 10:36:20.907,-0.038,-2.03,9.481,2.85
2021-04-21 10:36:21.107,-0.057,-2.049,9.481,2.86
2021-04-21 10:36:22.506,-0.038,-2.03,9.462,0.95
2021-04-21 10:36:22.907,-0.019,-2.049,9.462,0.00
2021-04-21 10:36:23.107,-0.038,-2.03,9.5,3.80
2021-04-21 10:36:24.107,-0.019,-2.049,9.481,0.95
2021-04-21 10:36:25.107,-0.038,-2.03,9.5,2.85
2021-04-21 10:36:25.707,-0.038,-2.03,9.5,1.90
2021-04-21 10:36:27.107,-0.038,-2.03,9.481,1.90
2021-04-21 10:36:27.707,-0.057,-2.049,9.462,2.85
2021-04-21 10:36:27.907,-0.038,-2.03,9.481,2.85
2021-04-21 10:36:28.107,-0.057,-2.03,9.481,0.95
2021-04-21 10:36:29.707,-0.057,-2.03,9.481,0.00
2021-04-21 10:36:30.907,-0.019,-2.03,9.462,1.90
2021-04-21 10:36:31.907,-0.019,-2.03,9.481,1.90
2021-04-21 10:36:34.107,-0.057,-2.03,9.462,0.95
2021-04-21 10:36:34.707,-0.019,-2.03,9.481,3.80
2021-04-21 10:36:35.106,-0.038,-2.049,9.481,1.90
2021-04-21 10:36:35.307,-0.038,-2.03,9.481,0.95
2021-04-21 10:36:35.907,-0.019,-2.049,9.481,0.95
2021-04-21 10:36:37.707,-0.057,-2.03,9.5,0.95
2021-04-21 10:36:38.907,-0.038,-2.049,9.481,0.95
2021-04-21 10:36:39.106,-0.019,-2.03,9.481,0.95
2021-04-21 10:36:39.707,-0.019,-2.03,9.462,0.95
2021-04-21 10:36:41.307,-0.057,-2.049,9.481,1.90
2021-04-21 10:36:41.507,-0.038,-2.03,9.462,0.95
2021-04-21 10:36:41.706,-0.019,-2.049,9.462,0.95
2021-04-21 10:36:42.907,-0.038,-2.03,9.481,0.00
2021-04-21 10:36:43.507,-0.019,-2.03,9.481,1.90
2021-04-21 10:36:45.707,-0.019,-2.049,9.481,0.00
2021-04-21 10:36:46.107,-0.038,-2.03,9.481,0.00
2021-04-21 10:36:46.307,0.0,-2.03,9.443,0.00
2021-04-21 10:36:47.306,-0.038,-2.049,9.5,0.00
2021-04-21 10:36:47.506,-0.038,-2.049,9.481,1.90
2021-04-21 10:36:49.107,-0.019,-2.049,9.462,0.00
2021-04-21 10:36:50.907,-0.038,-2.03,9.481,0.95
2021-04-21 10:36:51.107,-0.038,-2.011,9.5,3.80
2021-04-21 10:36:51.906,-0.038,-2.03,9.481,0.00
2021-04-21 10:36:52.507,-0.019,-2.049,9.462,0.95
2021-04-21 10:36:52.707,-0.057,-2.049,9.481,2.88
2021-04-21 10:36:53.907,-0.038,-2.03,9.481,1.75
2021-04-21 10:36:54.122,-0.019,-2.03,9.481,1.90
2021-04-21 10:36:54.707,-0.019,-2.049,9.462,0.95
2021-04-21 10:36:56.306,-0.038,-2.03,9.481,0.95
2021-04-21 10:36:56.506,-0.019,-2.049,9.5,0.95
2021-04-21 10:36:56.707,-0.038,-2.03,9.5,0.00
2021-04-21 10:36:56.906,-0.019,-2.03,9.462,0.95
2021-04-21 10:36:57.306,-0.038,-2.011,9.481,0.95
2021-04-21 10:36:57.507,-0.057,-2.049,9.481,2.85
2021-04-21 10:37:01.307,-0.038,-2.03,9.481,1.90
2021-04-21 10:37:01.507,-0.019,-2.049,9.462,0.95
2021-04-21 10:37:02.306,-0.057,-2.03,9.481,0.00
2021-04-21 10:37:02.517,-0.019,-2.049,9.481,0.00
2021-04-21 10:37:02.906,-0.019,-2.03,9.481,1.90
2021-04-21 10:37:03.706,-0.038,-2.049,9.481,1.90
2021-04-21 10:37:04.506,-0.038,-2.049,9.5,1.89
2021-04-21 10:37:05.306,-0.019,-2.03,9.5,2.84
2021-04-21 10:37:05.706,-0.038,-2.049,9.462,3.80
2021-04-21 10:37:05.907,-0.019,-2.049,9.5,0.00
2021-04-21 10:37:06.706,-0.038,-2.03,9.481,0.00
2021-04-21 10:37:07.706,-0.019,-2.049,9.481,0.00
2021-04-21 10:37:08.105,-0.019,-2.049,9.462,1.90
2021-04-21 10:37:09.105,0.0,-2.03,9.481,1.90
2021-04-21 10:37:09.905,0.019,-2.068,9.481,0.95
2021-04-21 10:37:10.905,0.0,-2.049,9.5,0.95
2021-04-21 10:37:11.305,-0.019,-2.03,9.481,0.00
2021-04-21 10:37:11.705,0.0,-2.049,9.481,0.00
2021-04-21 10:37:11.905,-0.019,-2.011,9.481,0.00
2021-04-21 10:37:12.705,0.0,-2.03,9.5,0.95
2021-04-21 10:37:12.905,-0.019,-2.049,9.481,2.84
2021-04-21 10:37:13.106,-0.019,-2.011,9.481,0.95
2021-04-21 10:37:13.705,0.0,-2.03,9.481,0.00
2021-04-21 10:37:13.904,0.0,-2.03,9.481,1.89
2021-04-21 10:37:14.510,0.0,-2.03,9.5,1.90
2021-04-21 10:37:15.904,0.019,-2.049,9.481,0.95
2021-04-21 10:37:16.906,-0.019,-2.03,9.481,0.95
2021-04-21 10:37:17.106,-0.038,-2.03,9.481,0.00
2021-04-21 10:37:17.507,-0.057,-2.049,9.481,2.85
2021-04-21 10:37:17.907,-0.019,-2.03,9.481,2.85
2021-04-21 10:37:18.106,-0.057,-2.049,9.462,2.85
2021-04-21 10:37:19.907,-0.019,-2.049,9.462,0.00
2021-04-21 10:37:20.906,-0.038,-2.03,9.481,1.90
2021-04-21 10:37:21.307,-0.057,-2.049,9.481,1.90
2021-04-21 10:37:21.507,-0.019,-2.049,9.481,0.00
2021-04-21 10:37:22.107,-0.038,-2.03,9.481,0.00
2021-04-21 10:37:24.107,-0.057,-2.03,9.481,0.00
2021-04-21 10:37:24.707,-0.019,-2.049,9.462,0.00
2021-04-21 10:37:24.906,-0.057,-2.03,9.5,0.00
2021-04-21 10:37:25.307,-0.019,-2.03,9.462,0.95
2021-04-21 10:37:25.907,-0.057,-2.049,9.481,1.90
2021-04-21 10:37:27.707,-0.019,-2.03,9.481,1.90
2021-04-21 10:37:28.307,-0.038,-2.03,9.5,2.85
2021-04-21 10:37:29.105,-0.038,-2.03,9.481,0.95
2021-04-21 10:37:29.707,-0.038,-2.049,9.481,1.90
2021-04-21 10:37:31.907,-0.057,-2.049,9.5,0.95
2021-04-21 10:37:32.306,-0.038,-2.03,9.481,0.83
2021-04-21 10:37:32.536,-0.038,-2.049,9.481,0.95
2021-04-21 10:37:33.106,-0.019,-2.03,9.481,1.90
2021-04-21 10:37:33.307,-0.019,-2.049,9.481,0.00
2021-04-21 10:37:33.907,-0.038,-2.03,9.481,0.00
2021-04-21 10:37:34.106,-0.057,-2.049,9.481,1.90
2021-04-21 10:37:34.507,-0.038,-2.03,9.481,1.90
2021-04-21 10:37:34.707,-0.038,-2.049,9.5,0.00
2021-04-21 10:37:35.506,-0.057,-2.03,9.481,0.95
2021-04-21 10:37:35.705,-0.038,-2.049,9.462,0.95
2021-04-21 10:37:35.907,-0.038,-2.03,9.462,0.00
2021-04-21 10:37:36.507,-0.057,-2.03,9.481,2.85
2021-04-21 10:37:38.506,-0.019,-2.049,9.481,0.95
2021-04-21 10:37:44.306,-0.057,-2.049,9.5,2.85
2021-04-21 10:37:44.707,-0.019,-2.03,9.481,1.90
2021-04-21 10:37:44.906,-0.057,-2.03,9.481,0.95
2021-04-21 10:37:49.506,-0.038,-2.049,9.481,1.89
2021-04-21 10:37:50.306,-0.019,-2.03,9.462,0.00
2021-04-21 10:37:51.107,-0.153,-2.106,9.481,9.60
2021-04-21 10:37:51.506,0.459,-1.398,9.577,70.45
2021-04-21 10:37:51.706,-2.049,-1.532,11.971,12.40
2021-04-21 10:37:51.907,-1.225,0.689,9.251,16.25
2021-04-21 10:37:52.107,-1.091,3.064,8.389,75.21
2021-04-21 10:37:52.324,-2.49,6.723,6.32,3.73
2021-04-21 10:37:52.837,-2.355,7.374,5.688,59.23
2021-04-21 10:37:52.862,-3.026,6.397,7.508,30.71
2021-04-21 10:37:52.919,-1.053,4.099,7.585,12.85
2021-04-21 10:37:53.118,-1.551,5.305,7.891,45.27
2021-04-21 10:37:53.336,-2.528,4.769,7.393,118.29
2021-04-21 10:37:53.506,-1.877,5.152,7.7,66.72
2021-04-21 10:37:53.707,-1.187,5.075,8.466,69.65
2021-04-21 10:37:53.905,-1.474,5.382,7.585,43.05
2021-04-21 10:37:54.105,-1.168,5.401,7.355,4.75
2021-04-21 10:37:54.304,-1.608,5.631,7.125,17.29
2021-04-21 10:37:54.705,-1.091,4.271,6.761,60.05
2021-04-21 10:37:54.907,-1.704,5.497,7.393,62.25
2021-04-21 10:37:55.106,-2.087,5.612,7.144,25.98
2021-04-21 10:37:55.305,-1.972,5.286,6.263,54.60
2021-04-21 10:37:55.505,-3.237,5.382,8.044,29.00
2021-04-21 10:37:55.716,-2.183,4.865,9.921,127.72
2021-04-21 10:37:55.907,-4.367,2.221,7.929,341.00
2021-04-21 10:37:56.105,-4.673,2.566,8.083,9.19
2021-04-21 10:37:56.314,-6.512,2.739,7.565,109.20
2021-04-21 10:37:56.515,-7.067,1.666,6.569,133.20
2021-04-21 10:37:56.714,-6.148,2.183,5.995,44.66
2021-04-21 10:37:56.905,-6.244,0.019,7.374,44.05
2021-04-21 10:37:57.104,-5.018,1.13,7.527,124.50
2021-04-21 10:37:57.305,-5.784,2.49,7.7,38.35
2021-04-21 10:37:57.505,-4.233,1.628,8.37,66.62
2021-04-21 10:37:57.708,-3.16,1.091,8.945,56.68
2021-04-21 10:37:57.904,-7.278,1.743,6.589,291.10
2021-04-21 10:37:58.104,-7.604,1.494,6.244,46.00
2021-04-21 10:37:58.305,-5.535,0.708,7.795,141.70
2021-04-21 10:37:58.505,-4.118,-0.268,8.925,78.55
2021-04-21 10:37:58.704,-3.313,0.134,8.332,30.70
2021-04-21 10:37:58.904,-3.945,-0.038,9.174,1.86
2021-04-21 10:37:59.109,-6.129,0.804,7.106,173.98
2021-04-21 10:37:59.305,-5.727,0.67,7.546,35.40
2021-04-21 10:37:59.505,-3.275,4.405,7.182,291.15
2021-04-21 10:37:59.705,-6.225,3.007,8.044,174.30
2021-04-21 10:37:59.904,-7.527,0.249,6.282,291.10
2021-04-21 10:38:00.104,-6.397,-1.723,7.106,0.90
2021-04-21 10:38:00.304,-5.267,-0.038,8.14,191.49
2021-04-21 10:38:00.507,-1.417,-1.934,9.117,144.38
2021-04-21 10:38:00.708,-0.038,-2.03,9.481,83.60
2021-04-21 10:38:00.907,0.019,-2.03,9.481,5.70
2021-04-21 10:38:01.305,-0.038,-2.03,9.481,0.00
2021-04-21 10:38:50.951,-0.038,-2.011,9.481,0.00
2021-04-21 10:38:54.149,-0.038,-2.011,9.481,0.00
2021-04-21 10:38:56.348,-0.057,-2.03,9.481,1.89
2021-04-21 10:38:57.751,-0.038,-2.03,9.481,0.00
2021-04-21 10:38:58.150,-0.057,-2.011,9.5,0.95
2021-04-21 10:38:58.350,-0.057,-2.011,9.481,0.00
2021-04-21 10:38:58.952,-0.076,-2.011,9.481,0.00
2021-04-21 10:38:59.750,-0.057,-2.03,9.5,0.95
2021-04-21 10:38:59.950,-0.057,-2.03,9.5,0.95
2021-04-21 10:39:01.550,-0.076,-2.03,9.481,1.91
2021-04-21 10:39:02.150,-0.076,-2.011,9.481,0.00
2021-04-21 10:39:03.150,-0.057,-2.011,9.481,1.88
2021-04-21 10:39:05.152,-0.057,-2.03,9.481,0.00
2021-04-21 10:39:06.148,-0.076,-2.011,9.481,0.00
2021-04-21 10:39:06.348,-0.057,-2.03,9.5,0.95
2021-04-21 10:39:06.549,-0.076,-2.011,9.481,0.95
2021-04-21 10:39:06.748,-0.057,-2.03,9.481,0.00
2021-04-21 10:39:06.950,0.095,-1.8,9.519,18.15
2021-04-21 10:39:07.349,-0.057,-1.992,9.5,18.15
2021-04-21 10:39:07.548,-0.076,-2.049,9.481,5.70
2021-04-21 10:39:07.950,-0.057,-2.03,9.481,2.85
2021-04-21 10:39:08.349,-0.076,-2.011,9.481,3.50
2021-04-21 10:39:08.756,-0.076,-2.011,9.481,0.00
2021-04-21 10:39:10.150,-0.057,-2.011,9.481,3.80
2021-04-21 10:39:10.949,-0.057,-2.03,9.5,0.95
2021-04-21 10:39:11.949,-0.057,-2.011,9.481,0.95
2021-04-21 10:39:13.150,-0.076,-2.03,9.481,0.00
2021-04-21 10:39:13.550,-0.057,-2.011,9.5,1.90
2021-04-21 10:39:14.348,-0.057,-2.03,9.481,0.00
2021-04-21 10:39:14.749,-0.076,-2.011,9.481,0.00
2021-04-21 10:39:14.949,-0.057,-2.011,9.481,1.89
2021-04-21 10:39:15.750,-0.057,-2.011,9.5,1.90
2021-04-21 10:39:16.349,-0.057,-2.03,9.481,0.95
2021-04-21 10:39:17.549,-0.057,-2.011,9.5,2.86
2021-04-21 10:39:17.949,-0.076,-2.03,9.5,1.91
2021-04-21 10:39:18.549,-0.095,-2.011,9.5,0.95
2021-04-21 10:39:20.549,-0.095,-2.03,9.5,0.95
2021-04-21 10:39:22.749,-0.057,-2.011,9.5,2.84
2021-04-21 10:39:22.950,-0.076,-2.011,9.5,0.00
2021-04-21 10:39:23.549,-0.076,-2.03,9.5,0.00
2021-04-21 10:39:24.149,-0.057,-2.011,9.5,1.90
2021-04-21 10:39:25.149,-0.076,-2.011,9.5,0.95
2021-04-21 10:39:25.949,-0.095,-2.03,9.481,2.85
2021-04-21 10:39:26.149,-0.076,-2.049,9.5,0.89
2021-04-21 10:39:26.361,-0.076,-2.03,9.5,1.89
2021-04-21 10:39:27.550,-0.038,-1.992,9.5,5.67
2021-04-21 10:39:27.950,-0.057,-2.011,9.481,2.86
2021-04-21 10:39:28.149,-0.038,-2.03,9.5,0.95
2021-04-21 10:39:28.549,-0.076,-2.011,9.481,1.91
2021-04-21 10:39:28.749,-0.114,-2.03,9.481,4.77
2021-04-21 10:39:29.949,-0.057,-2.011,9.519,5.67
2021-04-21 10:39:30.149,-0.076,-2.011,9.481,0.00
2021-04-21 10:39:34.149,-0.057,-1.992,9.5,3.80
2021-04-21 10:39:34.549,-0.095,-1.992,9.5,0.00
2021-04-21 10:39:34.949,-0.076,-2.03,9.5,0.22
2021-04-21 10:39:35.799,-0.057,-2.011,9.481,31.67
2021-04-21 10:39:35.806,-0.057,-1.992,9.5,3.78
2021-04-21 10:39:37.149,-0.038,-1.992,9.5,1.90
2021-04-21 10:39:37.749,-0.076,-2.011,9.5,2.85
2021-04-21 10:39:37.949,-0.057,-2.011,9.481,0.95
2021-04-21 10:39:38.349,-0.076,-2.03,9.519,0.00
2021-04-21 10:39:38.552,-0.076,-1.992,9.5,0.00
2021-04-21 10:39:39.149,-0.076,-2.03,9.481,2.85
2021-04-21 10:39:42.349,-0.038,-2.011,9.481,2.85
2021-04-21 10:39:42.549,-0.057,-1.992,9.5,0.00
2021-04-21 10:39:43.749,-0.038,-2.011,9.5,0.00
2021-04-21 10:39:43.980,-0.057,-2.03,9.481,0.95
2021-04-21 10:39:44.549,-0.057,-1.992,9.481,2.84
2021-04-21 10:39:45.749,-0.076,-2.011,9.481,1.90
2021-04-21 10:39:45.949,-0.076,-1.992,9.5,0.95
2021-04-21 10:39:47.350,-0.057,-2.011,9.5,1.89
2021-04-21 10:39:51.749,-0.057,-2.011,9.5,1.90
2021-04-21 10:39:54.149,-0.076,-1.992,9.5,0.00
2021-04-21 10:39:54.749,-0.057,-2.011,9.519,0.95
2021-04-21 10:39:54.949,-0.076,-2.011,9.5,0.00
2021-04-21 10:39:56.349,-0.076,-2.03,9.5,1.90
2021-04-21 10:39:57.149,-0.057,-2.011,9.5,0.00
2021-04-21 10:39:57.750,-0.057,-2.03,9.5,0.00
2021-04-21 10:39:58.149,-0.057,-1.992,9.519,0.95
2021-04-21 10:39:58.749,-0.076,-2.03,9.5,1.90
2021-04-21 10:40:03.749,-0.057,-2.011,9.5,1.90
2021-04-21 10:40:03.949,-0.057,-1.992,9.481,0.95
2021-04-21 10:40:06.749,-0.076,-2.011,9.481,1.90
2021-04-21 10:40:06.949,-0.057,-2.011,9.481,0.96
2021-04-21 10:40:07.749,-0.076,-1.992,9.5,0.00
2021-04-21 10:40:10.349,-0.076,-2.011,9.5,2.86
2021-04-21 10:40:12.151,-0.057,-1.992,9.481,0.96
2021-04-21 10:40:12.348,-0.076,-2.011,9.5,0.89
2021-04-21 10:40:12.561,-0.076,-2.03,9.5,1.90
2021-04-21 10:40:13.349,-0.057,-2.011,9.5,1.91
2021-04-21 10:40:14.749,-0.076,-2.011,9.5,1.91
2021-04-21 10:40:16.349,-0.057,-2.03,9.5,0.00
2021-04-21 10:40:18.749,-0.057,-2.011,9.481,0.00
2021-04-21 10:40:20.349,-0.038,-1.992,9.5,2.85
2021-04-21 10:40:20.549,-0.057,-2.011,9.5,1.89
2021-04-21 10:40:20.749,-0.057,-2.011,9.481,0.95
2021-04-21 10:40:21.549,-0.038,-2.03,9.5,0.95
2021-04-21 10:40:22.749,-0.076,-2.011,9.5,0.95
2021-04-21 10:40:22.949,-0.076,-1.992,9.5,2.25
2021-04-21 10:40:23.349,-0.057,-1.992,9.5,1.90
2021-04-21 10:40:23.749,-0.057,-1.992,9.519,2.86
2021-04-21 10:40:24.349,-0.057,-2.011,9.519,0.95
2021-04-21 10:40:35.348,-0.076,-2.03,9.5,2.85
2021-04-21 10:40:35.549,-0.057,-2.011,9.5,1.90
2021-04-21 10:40:35.749,-0.076,-1.992,9.5,0.95
2021-04-21 10:40:38.749,-0.057,-2.011,9.481,0.95
2021-04-21 10:40:38.949,-0.076,-1.992,9.5,0.00
2021-04-21 10:40:39.549,-0.057,-2.011,9.5,0.00
2021-04-21 10:40:39.749,-0.057,-2.011,9.5,0.00
2021-04-21 10:40:40.349,-0.057,-1.992,9.5,1.13
2021-04-21 10:40:40.750,-0.076,-2.011,9.481,3.82
2021-04-21 10:40:42.749,-0.057,-2.03,9.5,0.95
2021-04-21 10:40:44.749,-0.038,-1.992,9.519,2.85
2021-04-21 10:40:45.349,-0.057,-2.011,9.519,1.90
2021-04-21 10:40:45.549,-0.076,-2.03,9.5,1.90
2021-04-21 10:40:45.949,-0.057,-2.011,9.5,1.90
2021-04-21 10:40:46.149,-0.057,-1.992,9.519,3.78
2021-04-21 10:40:47.949,-0.057,-2.011,9.5,0.95
2021-04-21 10:40:48.349,-0.057,-1.992,9.519,0.00
2021-04-21 10:40:48.949,-0.076,-2.011,9.519,1.90
2021-04-21 10:40:49.549,-0.095,-2.03,9.5,2.39
2021-04-21 10:40:49.785,-0.057,-2.011,9.5,3.52
2021-04-21 10:40:49.950,-0.057,-2.011,9.5,1.91
2021-04-21 10:40:50.549,-0.076,-2.03,9.5,1.92
2021-04-21 10:40:51.749,-0.057,-2.011,9.5,0.00
2021-04-21 10:40:52.149,-0.076,-1.992,9.5,0.94
2021-04-21 10:40:53.152,-0.057,-2.011,9.481,0.97
2021-04-21 10:40:53.348,-0.076,-2.03,9.5,1.89
2021-04-21 10:40:53.749,-0.057,-1.992,9.5,2.86
2021-04-21 10:40:53.949,-0.038,-2.011,9.5,0.95
2021-04-21 10:40:54.349,-0.057,-1.992,9.481,0.95
2021-04-21 10:40:54.549,-0.076,-1.992,9.5,0.00
2021-04-21 10:40:55.949,-0.038,-1.992,9.5,2.85
2021-04-21 10:40:56.349,-0.076,-2.03,9.481,4.75
2021-04-21 10:40:56.549,-0.057,-2.011,9.5,2.85
2021-04-21 10:40:56.749,-0.076,-2.011,9.5,0.95
2021-04-21 10:40:58.549,-0.057,-1.992,9.5,1.90
2021-04-21 10:40:58.949,-0.057,-2.03,9.5,0.95
2021-04-21 10:40:59.549,-0.076,-2.011,9.5,0.00
2021-04-21 10:40:59.749,-0.076,-1.992,9.5,0.95
2021-04-21 10:41:01.949,-0.057,-2.03,9.5,0.95
2021-04-21 10:41:02.149,-0.038,-2.011,9.5,1.91
2021-04-21 10:41:02.349,-0.038,-2.011,9.5,0.95
2021-04-21 10:41:04.349,-0.057,-1.992,9.5,0.95
2021-04-21 10:41:05.149,-0.076,-1.992,9.481,1.90
2021-04-21 10:41:06.749,-0.057,-2.011,9.5,0.95
2021-04-21 10:41:06.949,-0.057,-1.992,9.5,1.91
2021-04-21 10:41:08.749,-0.076,-2.011,9.519,0.95
2021-04-21 10:41:08.949,-0.076,-1.992,9.5,0.95
2021-04-21 10:41:09.949,-0.057,-2.011,9.5,0.00
2021-04-21 10:41:10.149,-0.076,-2.011,9.519,0.95
2021-04-21 10:41:10.749,-0.057,-2.03,9.519,1.90
2021-04-21 10:41:11.949,-0.038,-2.011,9.5,0.95
2021-04-21 10:41:12.149,-0.038,-2.011,9.5,0.00
2021-04-21 10:41:12.758,-0.038,-2.011,9.5,0.00
2021-04-21 10:41:13.749,-0.076,-1.992,9.5,0.00
2021-04-21 10:41:18.349,-0.057,-2.011,9.481,0.95
2021-04-21 10:41:18.549,-0.076,-1.992,9.5,0.00
2021-04-21 10:41:19.349,-0.057,-2.011,9.5,0.00
2021-04-21 10:41:19.549,-0.076,-1.992,9.5,0.00
2021-04-21 10:41:19.749,-0.057,-2.011,9.519,0.95
2021-04-21 10:41:19.949,-0.076,-1.992,9.5,0.95
2021-04-21 10:41:21.149,-0.038,-2.011,9.5,0.95
2021-04-21 10:41:21.349,-0.057,-2.03,9.5,0.00
2021-04-21 10:41:24.349,-0.076,-1.992,9.519,1.53
2021-04-21 10:41:24.597,-0.057,-2.011,9.5,1.25
2021-04-21 10:41:24.749,-0.038,-2.011,9.519,0.95
2021-04-21 10:41:26.949,-0.057,-1.992,9.5,2.85
2021-04-21 10:41:28.549,-0.038,-1.972,9.519,4.82
2021-04-21 10:41:29.349,-0.057,-2.011,9.519,3.85
2021-04-21 10:41:29.749,-0.057,-2.011,9.481,0.95
2021-04-21 10:41:30.349,-0.057,-1.992,9.5,0.95
2021-04-21 10:41:30.749,-0.076,-2.011,9.5,1.90
2021-04-21 10:41:30.949,-0.076,-2.03,9.5,2.85
2021-04-21 10:41:31.749,-0.057,-1.992,9.519,2.85
2021-04-21 10:41:32.149,-0.057,-2.011,9.481,4.58
2021-04-21 10:41:32.549,-0.038,-1.992,9.481,0.95
2021-04-21 10:41:34.549,-0.076,-2.011,9.481,3.80
2021-04-21 10:41:34.949,-0.057,-1.992,9.519,2.84
2021-04-21 10:41:35.549,-0.076,-2.011,9.5,2.86
2021-04-21 10:41:35.749,-0.076,-2.011,9.5,0.95
2021-04-21 10:41:36.349,-0.076,-1.972,9.519,1.96
2021-04-21 10:41:37.349,-0.095,-1.992,9.5,0.95
2021-04-21 10:41:37.749,-0.057,-2.011,9.481,0.00
2021-04-21 10:41:37.949,-0.038,-2.011,9.519,1.90
2021-04-21 10:41:39.349,-0.038,-1.992,9.5,1.90
2021-04-21 10:41:40.549,-0.076,-2.011,9.5,2.34
2021-04-21 10:41:40.791,-0.038,-1.992,9.519,2.84
2021-04-21 10:41:42.549,-0.057,-2.011,9.481,0.95
2021-04-21 10:41:43.149,-0.076,-1.992,9.5,0.00
2021-04-21 10:41:44.749,-0.057,-2.011,9.5,0.00
2021-04-21 10:41:44.949,-0.076,-2.011,9.5,2.86
2021-04-21 10:41:45.349,-0.076,-2.011,9.5,2.84
2021-04-21 10:41:46.149,-0.038,-2.011,9.5,0.00
2021-04-21 10:41:47.549,-0.019,-1.972,9.5,2.91
2021-04-21 10:41:47.749,-0.095,-2.011,9.5,5.72
2021-04-21 10:41:47.949,-0.076,-1.992,9.519,2.86
2021-04-21 10:41:48.149,-0.038,-2.011,9.5,0.00
2021-04-21 10:41:48.380,-0.057,-1.992,9.519,1.12
2021-04-21 10:41:48.549,-0.076,-2.03,9.519,3.83
2021-04-21 10:41:48.949,-0.057,-2.011,9.519,1.90
2021-04-21 10:41:49.149,-0.057,-2.011,9.5,0.95
2021-04-21 10:41:52.349,-0.076,-2.011,9.5,2.85
2021-04-21 10:41:52.749,-0.057,-1.992,9.5,1.90
2021-04-21 10:41:52.949,-0.076,-1.992,9.5,0.00
2021-04-21 10:41:53.549,-0.057,-1.992,9.5,1.91
2021-04-21 10:41:53.949,-0.038,-2.011,9.5,0.00
2021-04-21 10:41:55.349,-0.057,-1.992,9.519,1.90
2021-04-21 10:41:55.749,-0.057,-1.992,9.5,0.00
2021-04-21 10:42:35.238,-0.076,-2.011,9.5,2.89
2021-04-21 10:42:36.493,-0.057,-1.992,9.519,2.85
2021-04-21 10:42:36.692,-0.038,-1.972,9.519,3.85
2021-04-21 10:42:39.492,-0.076,-1.992,9.5,1.94
2021-04-21 10:42:39.893,-0.057,-1.992,9.5,2.85
2021-04-21 10:42:40.291,-0.114,-2.03,9.462,5.70
2021-04-21 10:42:40.692,-0.076,-1.992,9.5,5.70
2021-04-21 10:42:40.893,-0.057,-1.972,9.5,1.95
2021-04-21 10:42:41.092,-0.076,-1.992,9.5,1.95
2021-04-21 10:42:41.292,-0.095,-1.992,9.5,0.00
2021-04-21 10:42:42.092,-0.057,-1.953,9.5,3.25
2021-04-21 10:42:42.329,-0.076,-2.011,9.481,5.89
2021-04-21 10:42:42.492,-0.114,-2.03,9.481,2.85
2021-04-21 10:42:42.692,-0.095,-2.011,9.5,2.85
2021-04-21 10:42:42.891,-0.306,-2.106,9.462,17.20
2021-04-21 10:42:43.092,-0.057,-1.972,9.519,21.26
2021-04-21 10:42:43.299,-0.076,-2.011,9.5,1.89
2021-04-21 10:42:43.692,-0.095,-2.011,9.481,3.80
2021-04-21 10:42:45.092,-0.076,-2.011,9.481,0.95
2021-04-21 10:42:45.492,-0.095,-2.011,9.5,0.95
2021-04-21 10:42:47.493,-0.095,-2.011,9.5,0.00
2021-04-21 10:42:48.494,-0.114,-2.011,9.519,0.95
2021-04-21 10:42:49.694,-0.095,-1.992,9.481,0.95
2021-04-21 10:42:50.094,-0.114,-2.011,9.5,0.94
2021-04-21 10:42:50.496,-0.095,-1.992,9.481,0.96
2021-04-21 10:42:50.694,-0.134,-1.972,9.5,0.00
2021-04-21 10:42:52.094,-0.095,-1.992,9.5,1.00
2021-04-21 10:42:52.494,-0.134,-2.03,9.5,2.90
2021-04-21 10:42:53.094,-0.095,-1.992,9.5,3.85
2021-04-21 10:42:53.294,-0.134,-2.011,9.5,3.85
2021-04-21 10:42:54.494,-0.134,-2.011,9.519,1.00
2021-04-21 10:42:55.294,-0.095,-1.992,9.481,1.00
2021-04-21 10:42:55.494,-0.134,-1.992,9.5,2.00
2021-04-21 10:42:56.094,-0.095,-2.011,9.481,1.89
2021-04-21 10:42:56.694,-0.114,-1.972,9.5,0.90
2021-04-21 10:42:58.094,-0.114,-1.972,9.5,0.05
2021-04-21 10:42:59.094,-0.114,-1.992,9.5,0.00
2021-04-21 10:43:01.094,-0.134,-2.011,9.5,4.80
2021-04-21 10:43:01.894,-0.076,-1.972,9.5,7.70
2021-04-21 10:43:02.294,-0.095,-1.992,9.5,1.95
2021-04-21 10:43:02.493,-0.114,-1.992,9.5,1.95
2021-04-21 10:43:03.294,-0.095,-1.992,9.519,2.85
2021-04-21 10:43:03.694,-0.095,-1.972,9.519,1.00
2021-04-21 10:43:05.294,-0.114,-1.992,9.519,1.54
2021-04-21 10:43:05.547,-0.095,-2.011,9.5,1.30
2021-04-21 10:43:05.694,-0.095,-2.011,9.5,0.00
2021-04-21 10:43:06.694,-0.076,-1.972,9.519,1.94
2021-04-21 10:43:07.896,-0.095,-1.992,9.5,2.91
2021-04-21 10:43:08.094,-0.076,-1.992,9.538,1.85
2021-04-21 10:43:08.894,-0.095,-1.972,9.519,2.90
2021-04-21 10:43:09.294,-0.114,-1.972,9.481,1.84
2021-04-21 10:43:10.492,-0.095,-1.992,9.5,0.90
2021-04-21 10:43:10.694,-0.114,-1.972,9.519,1.00
2021-04-21 10:43:12.294,-0.095,-1.972,9.519,1.95
2021-04-21 10:43:14.294,-0.114,-1.972,9.5,0.07
2021-04-21 10:43:14.694,-0.114,-1.992,9.5,2.90
2021-04-21 10:43:16.294,-0.095,-2.011,9.5,0.00
2021-04-21 10:43:16.494,-0.076,-1.992,9.519,0.05
2021-04-21 10:43:17.493,-0.114,-2.011,9.519,2.85
2021-04-21 10:43:19.694,-0.057,-1.992,9.5,2.85
2021-04-21 10:43:20.493,-0.076,-1.972,9.519,1.00
2021-04-21 10:43:20.694,-0.114,-1.972,9.5,1.85
2021-04-21 10:43:21.094,-0.134,-2.011,9.481,3.90
2021-04-21 10:43:21.294,-0.076,-1.953,9.5,6.75
2021-04-21 10:43:21.493,-0.114,-1.992,9.519,2.90
2021-04-21 10:43:21.694,-0.095,-1.972,9.5,0.78
2021-04-21 10:43:21.949,-0.095,-1.972,9.5,1.00
2021-04-21 10:43:23.694,-0.114,-1.972,9.519,1.00
2021-04-21 10:43:25.493,-0.095,-1.972,9.5,1.95
2021-04-21 10:43:25.894,-0.114,-1.972,9.5,0.05
2021-04-21 10:43:26.694,-0.076,-1.992,9.5,0.90
2021-04-21 10:43:26.893,-0.076,-1.953,9.519,2.90
2021-04-21 10:43:27.493,-0.114,-1.992,9.5,4.80
2021-04-21 10:43:27.693,-0.114,-2.011,9.5,1.90
2021-04-21 10:43:28.094,-0.076,-1.972,9.519,4.80
2021-04-21 10:43:28.294,-0.095,-1.972,9.519,1.95
2021-04-21 10:43:31.294,-0.095,-1.992,9.519,1.95
2021-04-21 10:43:32.094,-0.095,-1.992,9.519,2.84
2021-04-21 10:43:32.693,-0.114,-1.972,9.519,0.05
2021-04-21 10:43:32.894,-0.153,-2.03,9.5,5.80
2021-04-21 10:43:33.093,-0.076,-1.972,9.519,7.70
2021-04-21 10:43:33.293,-0.095,-1.992,9.5,2.90
2021-04-21 10:43:33.693,-0.095,-1.972,9.5,1.00
2021-04-21 10:43:35.293,-0.076,-1.992,9.519,0.90
2021-04-21 10:43:35.492,-0.095,-2.011,9.519,1.89
2021-04-21 10:43:35.693,-0.114,-1.972,9.5,0.90
2021-04-21 10:43:36.294,-0.095,-1.992,9.5,0.05
2021-04-21 10:43:36.494,-0.114,-2.011,9.5,2.85
2021-04-21 10:43:37.693,-0.095,-2.03,9.5,1.90
2021-04-21 10:43:38.493,-0.076,-1.972,9.519,2.90
2021-04-21 10:43:38.893,-0.095,-1.992,9.519,1.95
2021-04-21 10:43:39.294,-0.076,-1.992,9.5,0.95
2021-04-21 10:43:39.694,-0.095,-1.972,9.519,1.00
2021-04-21 10:43:39.893,-0.134,-2.049,9.5,6.75
2021-04-21 10:43:40.894,-0.095,-1.992,9.5,4.80
2021-04-21 10:43:41.094,-0.076,-1.953,9.519,3.87
2021-04-21 10:43:41.493,-0.095,-1.992,9.538,1.94
2021-04-21 10:43:41.693,-0.076,-1.992,9.519,1.90
2021-04-21 10:43:42.093,-0.095,-1.992,9.519,0.90
2021-04-21 10:43:44.693,-0.076,-1.972,9.519,1.95
2021-04-21 10:43:45.294,-0.095,-1.992,9.519,1.95
2021-04-21 10:43:45.493,-0.076,-1.972,9.519,1.95
2021-04-21 10:43:45.694,-0.095,-1.992,9.519,1.95
2021-04-21 10:43:45.894,-0.095,-2.011,9.519,0.00
2021-04-21 10:43:46.294,-0.076,-1.992,9.519,1.90
2021-04-21 10:43:46.494,-0.114,-1.972,9.519,1.00
2021-04-21 10:43:47.294,-0.114,-2.011,9.5,2.85
2021-04-21 10:43:48.294,-0.095,-1.953,9.538,5.75
2021-04-21 10:43:48.494,-0.114,-2.03,9.5,6.70
2021-04-21 10:43:48.693,-0.038,-1.992,9.519,0.00
2021-04-21 10:44:25.120,-0.019,-2.011,9.5,0.92
2021-04-21 10:44:26.137,-0.038,-1.992,9.5,0.91
2021-04-21 10:44:26.535,-0.019,-1.992,9.519,0.90
2021-04-21 10:44:27.327,-0.038,-1.972,9.519,1.01
2021-04-21 10:44:27.727,-0.019,-1.972,9.481,0.05
2021-04-21 10:44:28.727,-0.038,-1.992,9.519,0.05
2021-04-21 10:44:28.926,-0.057,-1.992,9.5,1.95
2021-04-21 10:44:29.526,-0.038,-1.992,9.5,1.87
2021-04-21 10:44:29.928,-0.057,-1.972,9.519,1.95
2021-04-21 10:44:30.926,-0.076,-2.011,9.5,1.90
2021-04-21 10:44:31.327,-0.038,-1.972,9.519,3.33
2021-04-21 10:44:31.614,-0.038,-2.011,9.519,3.87
2021-04-21 10:44:31.927,-0.057,-1.972,9.5,0.05
2021-04-21 10:44:32.128,-0.076,-1.992,9.5,1.95
2021-04-21 10:44:32.328,-0.057,-1.992,9.519,2.86
2021-04-21 10:44:32.726,-0.095,-2.011,9.5,3.82
2021-04-21 10:44:35.526,-0.114,-2.03,9.519,1.90
2021-04-21 10:44:36.127,-0.057,-1.972,9.5,4.75
2021-04-21 10:44:36.328,-0.038,-1.934,9.519,3.84
2021-04-21 10:44:36.527,-0.057,-1.972,9.5,3.80
2021-04-21 10:44:36.726,-0.095,-1.992,9.519,0.00
2021-04-21 10:44:41.529,-0.095,-1.992,9.519,1.95
2021-04-21 10:44:42.328,-0.076,-1.992,9.5,1.00
2021-04-21 10:44:42.928,-0.095,-2.011,9.5,1.90
2021-04-21 10:44:43.129,-0.076,-2.011,9.5,0.00
2021-04-21 10:44:43.528,-0.095,-1.972,9.519,1.95
2021-04-21 10:44:43.728,-0.076,-2.011,9.5,1.00
2021-04-21 10:44:44.528,-0.095,-1.992,9.5,0.00
2021-04-21 10:44:44.728,-0.095,-1.972,9.519,1.00
2021-04-21 10:44:45.128,-0.076,-1.992,9.519,0.05
2021-04-21 10:44:45.328,-0.095,-1.972,9.5,0.90
2021-04-21 10:44:45.728,-0.076,-1.992,9.5,0.05
2021-04-21 10:44:45.928,-0.095,-1.972,9.519,0.69
2021-04-21 10:44:46.217,-0.076,-1.992,9.519,0.09
2021-04-21 10:44:46.330,-0.095,-1.992,9.5,2.90
2021-04-21 10:44:46.928,-0.076,-1.992,9.5,0.05
2021-04-21 10:44:47.928,-0.076,-1.972,9.519,1.95
2021-04-21 10:44:50.728,-0.095,-1.972,9.519,0.90
2021-04-21 10:44:53.328,-0.095,-2.011,9.538,1.95
2021-04-21 10:44:54.728,-0.076,-2.011,9.519,1.00
2021-04-21 10:44:55.528,-0.095,-2.011,9.519,2.90
2021-04-21 10:44:56.328,-0.076,-1.992,9.5,0.95
2021-04-21 10:44:56.530,-0.095,-1.953,9.519,0.00
2021-04-21 10:44:56.928,-0.076,-1.992,9.519,1.80
2021-04-21 10:44:57.329,-0.076,-1.972,9.538,1.00
2021-04-21 10:44:57.928,-0.057,-1.992,9.5,1.95
2021-04-21 10:44:58.128,-0.038,-1.972,9.5,1.95
2021-04-21 10:44:58.329,-0.076,-1.992,9.5,2.90
2021-04-21 10:44:58.528,-0.057,-1.972,9.5,1.95
2021-04-21 10:44:58.728,-0.076,-1.992,9.519,0.05
2021-04-21 10:44:59.128,-0.057,-1.972,9.5,1.00
2021-04-21 10:44:59.928,-0.057,-2.011,9.5,1.93
2021-04-21 10:45:00.528,-0.076,-1.972,9.519,0.05
2021-04-21 10:45:00.928,-0.038,-1.992,9.5,0.05
2021-04-21 10:45:01.728,-0.076,-1.972,9.519,1.01
2021-04-21 10:45:02.727,-0.095,-1.992,9.538,1.95
2021-04-21 10:45:03.128,-0.038,-2.011,9.5,0.95
2021-04-21 10:45:03.528,-0.019,-1.992,9.5,1.90
2021-04-21 10:45:03.728,-0.038,-1.972,9.519,1.95
2021-04-21 10:45:04.728,-0.076,-1.992,9.557,1.00
2021-04-21 10:45:04.928,-0.057,-1.992,9.519,0.94
2021-04-21 10:45:05.330,-0.076,-1.972,9.557,1.00
2021-04-21 10:45:06.528,-0.038,-1.992,9.519,0.05
2021-04-21 10:45:06.928,-0.038,-2.011,9.481,2.85
2021-04-21 10:45:07.528,-0.019,-1.992,9.5,2.84
2021-04-21 10:45:07.728,-0.038,-2.011,9.5,1.90
2021-04-21 10:45:08.328,-0.095,-1.972,9.538,0.90
2021-04-21 10:45:08.728,-0.038,-1.992,9.519,0.90
2021-04-21 10:45:08.928,-0.019,-1.992,9.5,0.95
2021-04-21 10:45:09.328,-0.057,-1.972,9.519,0.05
2021-04-21 10:45:10.328,0.0,-1.972,9.481,3.85
2021-04-21 10:45:11.328,-0.038,-1.992,9.538,1.00
2021-04-21 10:45:11.728,-0.057,-2.011,9.538,0.95
2021-04-21 10:45:12.128,-0.038,-1.972,9.538,2.90
2021-04-21 10:45:12.328,0.0,-1.992,9.5,2.85
2021-04-21 10:45:12.928,-0.019,-2.011,9.5,1.90
2021-04-21 10:45:13.128,0.0,-1.992,9.5,1.24
2021-04-21 10:45:13.432,-0.038,-2.03,9.519,6.13
2021-04-21 10:45:13.526,-0.057,-1.992,9.519,0.95
2021-04-21 10:45:13.728,-0.019,-2.011,9.519,0.00
2021-04-21 10:45:14.528,-0.038,-2.011,9.519,0.95
2021-04-21 10:45:15.128,-0.038,-1.992,9.519,0.00
2021-04-21 10:45:16.728,-0.057,-1.992,9.5,0.95
2021-04-21 10:45:17.328,-0.038,-1.972,9.538,2.90
2021-04-21 10:45:21.528,-0.038,-1.992,9.5,2.90
2021-04-21 10:45:21.928,-0.038,-2.011,9.519,0.95
2021-04-21 10:45:22.527,-0.019,-2.011,9.519,0.95
2021-04-21 10:45:23.328,-0.019,-2.011,9.5,0.95
2021-04-21 10:45:24.128,-0.057,-2.011,9.519,0.00
2021-04-21 10:45:26.527,-0.019,-2.011,9.519,0.00
2021-04-21 10:45:27.328,-0.019,-1.992,9.519,1.90
2021-04-21 10:45:29.328,-0.038,-1.992,9.519,0.00
2021-04-21 10:45:30.528,-0.038,-1.992,9.519,0.05
2021-04-21 10:45:32.328,-0.019,-2.011,9.519,0.95
2021-04-21 10:45:33.528,-0.019,-1.972,9.519,1.95
2021-04-21 10:45:34.728,-0.038,-1.992,9.519,1.95
2021-04-21 10:45:34.928,-0.019,-1.972,9.5,1.95
2021-04-21 10:45:36.328,-0.019,-1.992,9.538,0.05
2021-04-21 10:45:36.728,-0.038,-1.992,9.538,1.90
2021-04-21 10:45:37.728,-0.019,-1.972,9.5,1.95
2021-04-21 10:45:39.928,-0.038,-2.011,9.5,1.90
2021-04-21 10:45:40.728,-0.019,-1.992,9.519,2.85
2021-04-21 10:45:40.928,-0.038,-1.992,9.519,0.00
2021-04-21 10:45:41.328,-0.019,-1.992,9.538,0.05
2021-04-21 10:45:42.328,-0.019,-1.992,9.519,1.00
2021-04-21 10:45:43.728,-0.038,-1.992,9.5,0.95
2021-04-21 10:45:44.328,-0.038,-2.011,9.519,1.90
2021-04-21 10:45:46.328,-0.038,-1.992,9.519,0.00
2021-04-21 10:45:49.328,-0.038,-1.972,9.519,0.05
2021-04-21 10:45:50.528,-0.019,-1.992,9.5,0.00
2021-04-21 10:45:51.128,0.0,-2.011,9.519,0.00
2021-04-21 10:45:51.527,-0.019,-1.992,9.519,0.00
2021-04-21 10:45:51.728,0.0,-1.992,9.519,1.90
2021-04-21 10:45:55.128,-0.019,-2.011,9.519,1.90
2021-04-21 10:45:55.328,-0.038,-1.992,9.538,0.00
2021-04-21 10:45:55.728,0.0,-2.011,9.538,0.00
2021-04-21 10:45:57.328,-0.038,-2.011,9.519,1.89
2021-04-21 10:45:59.529,-0.038,-1.992,9.538,0.00
2021-04-21 10:46:01.128,-0.038,-2.011,9.519,1.90
2021-04-21 10:46:01.928,-0.019,-1.953,9.519,2.90
2021-04-21 10:46:07.528,-0.019,-2.011,9.519,0.95
2021-04-21 10:46:08.128,-0.038,-1.992,9.538,0.00
2021-04-21 10:46:11.128,-0.019,-1.992,9.519,1.95
2021-04-21 10:46:11.928,-0.019,-2.011,9.538,1.92
2021-04-21 10:46:12.328,-0.019,-1.992,9.519,0.95
2021-04-21 10:46:12.728,-0.038,-1.972,9.519,0.05
2021-04-21 10:46:12.928,-0.038,-1.972,9.519,0.05
2021-04-21 10:46:14.928,-0.019,-1.992,9.519,0.05
2021-04-21 10:46:15.128,0.0,-2.011,9.5,1.90
2021-04-21 10:46:15.928,-0.038,-1.992,9.519,0.00
2021-04-21 10:46:16.128,-0.019,-1.992,9.519,0.90
2021-04-21 10:46:16.528,-0.019,-2.011,9.519,1.90
2021-04-21 10:46:17.728,0.0,-1.992,9.538,2.85
2021-04-21 10:46:17.928,-0.038,-1.992,9.538,1.93
2021-04-21 10:46:18.529,-0.038,-2.011,9.519,2.85
2021-04-21 10:46:19.928,-0.038,-1.992,9.538,1.90
2021-04-21 10:46:20.328,-0.019,-1.972,9.519,1.00
2021-04-21 10:46:20.528,-0.038,-1.992,9.519,1.95
2021-04-21 10:46:20.727,-0.019,-1.972,9.538,1.96
2021-04-21 10:46:24.528,-0.038,-1.992,9.519,2.90
2021-04-21 10:46:24.727,0.0,-2.011,9.519,0.95
2021-04-21 10:46:25.528,-0.019,-1.992,9.519,0.00
2021-04-21 10:46:25.728,-0.038,-2.011,9.538,0.61
2021-04-21 10:46:26.037,-0.038,-1.992,9.538,0.00
2021-04-21 10:46:27.527,-0.019,-1.992,9.538,0.90
2021-04-21 10:46:28.328,-0.019,-1.972,9.519,1.95
2021-04-21 10:46:28.728,0.0,-2.011,9.519,0.95
2021-04-21 10:46:31.127,-0.019,-1.992,9.538,0.95
2021-04-21 10:46:31.328,-0.038,-1.992,9.519,0.00
2021-04-21 10:46:33.128,-0.019,-1.992,9.519,0.05
2021-04-21 10:46:33.728,-0.019,-2.011,9.519,1.90
2021-04-21 10:46:35.128,-0.057,-1.972,9.538,1.00
2021-04-21 10:46:35.328,-0.038,-1.992,9.557,0.90
2021-04-21 10:46:35.528,-0.038,-2.011,9.519,1.92
2021-04-21 10:46:36.128,-0.019,-1.992,9.5,0.93
2021-04-21 10:46:36.332,-0.019,-2.011,9.5,3.80
2021-04-21 10:46:39.928,-0.038,-1.992,9.519,0.00
2021-04-21 10:46:40.328,-0.038,-2.011,9.519,2.85
2021-04-21 10:46:41.128,-0.019,-1.992,9.519,1.90
2021-04-21 10:46:41.328,-0.038,-1.992,9.538,1.00
2021-04-21 10:46:42.528,-0.038,-2.011,9.519,2.84
2021-04-21 10:46:44.928,-0.019,-1.992,9.519,1.90
2021-04-21 10:46:45.128,0.0,-2.011,9.519,0.00
2021-04-21 10:46:45.328,-0.019,-1.992,9.538,0.95
2021-04-21 10:46:45.528,-0.019,-1.972,9.538,2.89
2021-04-21 10:46:46.728,-0.019,-2.011,9.538,0.95
2021-04-21 10:46:48.128,0.0,-1.992,9.519,1.00
2021-04-21 10:46:48.728,0.019,-1.934,9.519,4.80
2021-04-21 10:46:49.128,-0.019,-2.011,9.519,5.75
2021-04-21 10:46:49.328,0.019,-1.953,9.519,4.80
2021-04-21 10:46:49.928,-0.019,-1.972,9.538,1.90
2021-04-21 10:46:50.128,-0.038,-2.011,9.538,2.90
2021-04-21 10:46:50.328,-0.019,-1.992,9.519,0.95
2021-04-21 10:46:50.528,-0.019,-2.011,9.5,2.85
2021-04-21 10:46:51.128,-0.038,-2.011,9.519,0.95
2021-04-21 10:46:51.728,-0.019,-1.972,9.519,6.37
2021-04-21 10:46:52.128,0.0,-1.992,9.519,1.90
2021-04-21 10:46:52.728,-0.019,-2.011,9.5,2.85
2021-04-21 10:46:53.128,-0.038,-1.972,9.538,1.00
2021-04-21 10:46:53.928,-0.019,-1.992,9.519,1.00
2021-04-21 10:46:54.128,-0.019,-2.011,9.519,1.88
2021-04-21 10:46:54.730,-0.038,-1.992,9.538,0.95
2021-04-21 10:46:55.528,0.0,-1.992,9.519,1.90
2021-04-21 10:46:56.928,0.0,-1.953,9.538,3.85
2021-04-21 10:46:57.328,-0.019,-1.972,9.538,2.85
2021-04-21 10:46:57.728,-0.038,-2.03,9.519,4.80
2021-04-21 10:46:57.927,-0.038,-1.992,9.519,0.00
2021-04-21 10:47:43.130,-0.038,-1.992,9.519,100.00
2021-04-21 10:47:43.149,-0.038,-1.972,9.5,180.01
2021-04-21 10:47:45.009,-0.019,-1.972,9.519,2.89
2021-04-21 10:47:45.886,0.0,-2.011,9.519,1.00
2021-04-21 10:47:46.087,-0.019,-1.992,9.519,0.00
2021-04-21 10:47:46.285,-0.038,-1.992,9.519,0.95
2021-04-21 10:47:46.885,-0.038,-1.972,9.519,1.95
2021-04-21 10:47:47.685,-0.095,-2.087,9.519,9.55
2021-04-21 10:47:48.485,-0.134,-1.972,9.481,1.90
2021-04-21 10:47:48.685,0.019,-1.992,9.443,4.73
2021-04-21 10:47:48.886,-0.019,-1.953,9.519,0.42
2021-04-21 10:47:50.698,-0.057,-1.972,9.538,54.29
2021-04-21 10:47:50.705,-0.019,-1.953,9.538,71.25
2021-04-21 10:47:50.713,-0.057,-1.992,9.5,164.29
2021-04-21 10:47:50.721,-0.038,-1.953,9.519,200.00
2021-04-21 10:47:50.730,-0.057,-2.011,9.519,1.29
2021-04-21 10:47:50.885,-0.019,-1.992,9.519,0.90
2021-04-21 10:47:51.885,-0.038,-2.011,9.5,2.85
2021-04-21 10:47:52.285,-0.057,-1.992,9.519,0.95
2021-04-21 10:47:52.485,-0.038,-1.972,9.538,580.00
2021-04-21 10:47:53.125,-0.076,-1.992,9.519,154.00
2021-04-21 10:47:53.131,-0.095,-1.972,9.538,1.00
2021-04-21 10:47:56.687,-0.076,-1.992,9.519,1.00
2021-04-21 10:47:56.888,-0.095,-1.972,9.538,0.05
2021-04-21 10:47:58.289,-0.095,-1.972,9.538,1.00
2021-04-21 10:48:00.088,-0.076,-1.992,9.538,0.05
2021-04-21 10:48:00.287,-0.076,-1.972,9.519,1.95
2021-04-21 10:48:00.688,-0.095,-1.972,9.519,0.90
2021-04-21 10:48:01.687,-0.038,-1.992,9.519,1.85
2021-04-21 10:48:02.687,-0.076,-1.972,9.519,0.90
2021-04-21 10:48:02.888,-0.057,-1.992,9.519,0.05
2021-04-21 10:48:04.088,-0.095,-1.972,9.519,0.05
2021-04-21 10:48:05.687,-0.076,-1.992,9.519,1.95
2021-04-21 10:48:07.287,-0.076,-1.972,9.538,2.90
2021-04-21 10:48:07.687,-0.038,-1.992,9.519,0.05
2021-04-21 10:48:08.288,-0.057,-1.972,9.519,0.05
2021-04-21 10:48:08.488,-0.076,-1.992,9.538,1.00
2021-04-21 10:48:09.087,-0.076,-1.972,9.538,1.94
2021-04-21 10:48:09.488,-0.095,-1.992,9.538,1.96
2021-04-21 10:48:09.687,-0.057,-1.972,9.519,1.94
2021-04-21 10:48:09.888,-0.057,-1.972,9.519,1.95
2021-04-21 10:48:11.687,-0.076,-1.972,9.538,1.00
2021-04-21 10:48:12.687,-0.038,-1.992,9.519,0.90
2021-04-21 10:48:13.687,-0.057,-1.972,9.519,0.05
2021-04-21 10:48:13.885,-0.076,-1.972,9.519,0.05
2021-04-21 10:48:14.689,-0.057,-1.972,9.538,2.90
2021-04-21 10:48:15.087,-0.057,-1.992,9.538,0.05
2021-04-21 10:48:15.488,-0.038,-1.992,9.519,0.05
2021-04-21 10:48:15.887,-0.095,-1.972,9.519,0.90
2021-04-21 10:48:16.487,-0.076,-1.992,9.519,0.05
2021-04-21 10:48:16.688,-0.038,-2.011,9.519,0.95
2021-04-21 10:48:17.687,-0.057,-1.992,9.519,0.00
2021-04-21 10:48:17.887,-0.076,-1.992,9.538,1.94
2021-04-21 10:48:18.488,-0.057,-1.972,9.538,1.95
2021-04-21 10:48:18.887,-0.038,-1.972,9.519,2.91
2021-04-21 10:48:19.487,-0.057,-1.992,9.519,1.93
2021-04-21 10:48:19.689,-0.076,-1.972,9.519,1.00
2021-04-21 10:48:21.487,-0.019,-1.992,9.5,0.05
2021-04-21 10:48:22.887,-0.057,-1.972,9.519,0.90
2021-04-21 10:48:23.287,-0.057,-1.992,9.519,1.01
2021-04-21 10:48:25.087,-0.076,-1.972,9.5,0.90
2021-04-21 10:48:25.287,-0.057,-1.992,9.538,0.05
2021-04-21 10:48:25.887,-0.057,-1.972,9.538,0.05
2021-04-21 10:48:27.287,-0.076,-1.992,9.519,2.90
2021-04-21 10:48:29.687,-0.057,-1.972,9.519,1.93
2021-04-21 10:48:29.889,-0.038,-1.972,9.519,3.26
2021-04-21 10:48:30.687,-0.057,-1.992,9.519,1.94
2021-04-21 10:48:30.887,-0.057,-1.992,9.538,0.05
2021-04-21 10:48:31.487,-0.076,-1.972,9.519,0.90
2021-04-21 10:48:31.687,-0.057,-1.992,9.5,1.01
2021-04-21 10:48:31.887,-0.038,-1.992,9.519,0.05
2021-04-21 10:48:32.487,-0.057,-1.972,9.538,1.00
2021-04-21 10:48:32.687,-0.076,-1.992,9.519,2.91
2021-04-21 10:48:32.887,-0.038,-1.972,9.519,2.90
2021-04-21 10:48:33.487,-0.057,-1.972,9.538,0.05
2021-04-21 10:48:33.887,-0.038,-1.992,9.519,1.01
2021-04-21 10:48:34.087,-0.076,-1.992,9.519,2.89
2021-04-21 10:48:34.488,-0.057,-1.972,9.538,2.75
2021-04-21 10:48:34.698,-0.057,-1.992,9.519,0.05
2021-04-21 10:48:35.487,-0.038,-1.972,9.519,1.95
2021-04-21 10:48:35.886,-0.076,-1.992,9.519,1.94
2021-04-21 10:48:36.687,-0.038,-1.972,9.519,1.95
2021-04-21 10:48:38.087,-0.076,-1.992,9.538,1.96
2021-04-21 10:48:38.287,-0.057,-1.972,9.5,0.05
2021-04-21 10:48:39.087,-0.038,-1.992,9.519,0.05
2021-04-21 10:48:39.487,-0.076,-1.972,9.538,1.01
2021-04-21 10:48:40.287,-0.038,-1.992,9.538,1.85
2021-04-21 10:48:42.887,-0.076,-1.972,9.519,0.90
2021-04-21 10:48:44.287,-0.038,-1.992,9.519,1.00
2021-04-21 10:48:44.886,-0.038,-1.992,9.519,0.05
2021-04-21 10:48:46.687,-0.057,-1.972,9.519,0.90
2021-04-21 10:48:47.087,-0.076,-1.992,9.519,1.95
2021-04-21 10:48:47.487,-0.057,-1.972,9.538,2.90
2021-04-21 10:48:47.687,-0.057,-1.992,9.538,1.00
2021-04-21 10:48:48.087,-0.076,-1.972,9.538,0.05
2021-04-21 10:48:48.487,-0.038,-1.992,9.5,1.00
2021-04-21 10:48:48.687,-0.076,-1.992,9.538,1.01
2021-04-21 10:48:49.487,-0.038,-1.992,9.519,1.00
2021-04-21 10:48:50.287,-0.057,-1.972,9.538,0.93
2021-04-21 10:48:50.500,-0.038,-1.992,9.538,0.05
2021-04-21 10:48:50.688,-0.057,-1.972,9.519,0.90
2021-04-21 10:48:50.886,-0.076,-1.992,9.538,1.00
2021-04-21 10:48:51.287,-0.057,-1.992,9.519,1.95
2021-04-21 10:48:52.687,-0.038,-1.992,9.538,0.90
2021-04-21 10:48:55.887,-0.057,-1.972,9.519,0.90
2021-04-21 10:48:56.087,-0.038,-1.992,9.519,0.05
2021-04-21 10:48:57.687,-0.057,-1.992,9.519,1.95
2021-04-21 10:48:58.087,-0.057,-1.972,9.538,1.00
2021-04-21 10:49:00.086,-0.057,-1.972,9.538,0.05
2021-04-21 10:49:00.687,-0.038,-1.972,9.519,2.90
2021-04-21 10:49:01.887,-0.057,-1.992,9.538,0.05
2021-04-21 10:49:02.687,-0.057,-1.972,9.519,1.95
2021-04-21 10:49:03.087,-0.019,-1.992,9.519,0.90
2021-04-21 10:49:03.287,-0.038,-1.972,9.538,1.00
2021-04-21 10:49:03.487,-0.057,-1.992,9.519,2.90
2021-04-21 10:49:03.687,-0.076,-1.972,9.538,1.00
2021-04-21 10:49:03.887,-0.057,-1.992,9.538,0.05
2021-04-21 10:49:04.087,-0.019,-1.972,9.519,3.83
2021-04-21 10:49:05.487,-0.038,-1.972,9.538,2.91
2021-04-21 10:49:07.087,-0.057,-1.992,9.538,0.05
2021-04-21 10:49:08.087,-0.057,-1.972,9.519,1.00
2021-04-21 10:49:08.487,-0.057,-1.972,9.519,0.05
2021-04-21 10:49:09.487,-0.057,-1.972,9.519,0.90
2021-04-21 10:49:13.087,-0.038,-1.992,9.538,0.90
2021-04-21 10:49:13.287,-0.057,-1.972,9.557,1.00
2021-04-21 10:49:13.487,-0.057,-1.992,9.519,1.95
2021-04-21 10:49:13.887,-0.019,-1.992,9.5,0.05
2021-04-21 10:49:14.488,-0.057,-1.972,9.538,0.05
2021-04-21 10:49:15.087,-0.076,-1.992,9.538,1.95
2021-04-21 10:49:15.287,-0.057,-1.992,9.538,1.00
2021-04-21 10:49:15.687,-0.057,-1.972,9.519,1.00
2021-04-21 10:49:16.887,-0.019,-1.992,9.538,1.85
2021-04-21 10:49:18.087,-0.057,-1.972,9.557,2.89
2021-04-21 10:49:19.087,-0.038,-1.972,9.538,2.90
2021-04-21 10:49:19.687,-0.057,-1.992,9.538,1.00
2021-04-21 10:49:24.087,-0.076,-1.992,9.519,3.85
2021-04-21 10:49:24.687,-0.057,-1.972,9.538,2.90
2021-04-21 10:49:24.887,-0.038,-1.972,9.538,1.95
2021-04-21 10:49:25.487,-0.057,-1.972,9.538,0.90
2021-04-21 10:49:26.287,-0.076,-1.972,9.519,0.90
2021-04-21 10:49:26.687,-0.057,-1.992,9.519,1.95
2021-04-21 10:49:28.087,-0.057,-1.972,9.538,2.90
2021-04-21 10:49:28.487,-0.038,-1.972,9.538,2.00
2021-04-21 10:49:28.887,-0.057,-1.972,9.538,1.01
2021-04-21 10:49:29.687,-0.057,-1.992,9.538,1.95
2021-04-21 10:49:31.687,-0.057,-1.972,9.519,1.84
2021-04-21 10:49:32.287,-0.038,-1.972,9.538,1.95
2021-04-21 10:49:32.687,-0.076,-1.972,9.538,0.05
2021-04-21 10:49:33.687,-0.057,-1.972,9.538,1.95
2021-04-21 10:49:35.087,-0.057,-1.992,9.538,1.95
2021-04-21 10:49:37.087,-0.038,-1.992,9.519,0.05
2021-04-21 10:49:38.687,-0.076,-1.992,9.538,1.01
2021-04-21 10:49:39.687,-0.057,-1.992,9.5,1.94
2021-04-21 10:49:40.687,-0.038,-1.972,9.557,2.32
2021-04-21 10:49:41.740,-0.038,-1.992,9.519,1.00
2021-04-21 10:49:42.287,-0.057,-1.992,9.538,1.96
2021-04-21 10:49:43.086,-0.038,-1.972,9.538,0.30
2021-04-21 10:49:44.407,-0.019,-1.992,9.519,180.01
2021-04-21 10:49:44.420,-0.038,-1.972,9.538,16.67
2021-04-21 10:49:44.432,-0.057,-1.972,9.519,0.05
2021-04-21 10:49:48.087,-0.057,-1.992,9.538,1.94
2021-04-21 10:49:48.487,-0.038,-1.992,9.519,1.95
2021-04-21 10:49:49.887,-0.057,-1.972,9.519,1.85
2021-04-21 10:49:50.487,-0.038,-1.992,9.519,0.05
2021-04-21 10:49:51.087,-0.038,-1.992,9.519,0.90
2021-04-21 10:49:51.887,-0.057,-1.972,9.557,1.96
2021-04-21 10:49:52.087,-0.019,-1.972,9.519,1.95
2021-04-21 10:49:53.487,-0.038,-1.992,9.519,1.95
2021-04-21 10:49:53.687,-0.057,-1.992,9.557,0.05
2021-04-21 10:49:54.287,-0.019,-1.992,9.519,1.00
2021-04-21 10:49:54.887,-0.057,-1.992,9.519,1.90
2021-04-21 10:49:55.287,-0.038,-1.972,9.519,1.95
2021-04-21 10:49:55.487,-0.076,-1.972,9.538,1.00
2021-04-21 10:49:56.287,-0.057,-1.992,9.538,0.05
2021-04-21 10:49:56.487,-0.038,-1.972,9.519,1.00
2021-04-21 10:49:56.687,-0.057,-1.972,9.538,1.00
2021-04-21 10:49:57.287,-0.076,-1.992,9.538,2.90
2021-04-21 10:49:57.887,-0.038,-1.992,9.538,1.00
2021-04-21 10:49:59.687,-0.057,-1.972,9.538,0.05
2021-04-21 10:49:59.887,-0.038,-1.992,9.519,1.00
2021-04-21 10:50:00.087,-0.019,-1.972,9.519,1.95
2021-04-21 10:50:02.087,-0.076,-1.972,9.557,1.00
2021-04-21 10:50:03.287,-0.057,-1.992,9.557,0.90
2021-04-21 10:50:03.687,-0.057,-1.972,9.538,1.00
2021-04-21 10:50:05.288,-0.057,-1.972,9.538,2.91
2021-04-21 10:50:07.287,-0.019,-1.972,9.519,1.95
2021-04-21 10:50:07.687,-0.038,-1.992,9.538,1.01
2021-04-21 10:50:07.885,-0.057,-1.972,9.538,0.05
2021-04-21 10:50:08.687,-0.019,-1.992,9.538,0.90
2021-04-21 10:50:09.687,-0.038,-1.992,9.538,0.05
2021-04-21 10:50:11.087,-0.057,-1.992,9.519,2.90
2021-04-21 10:50:11.487,-0.076,-1.972,9.538,0.05
2021-04-21 10:50:12.687,-0.038,-1.992,9.519,0.05
2021-04-21 10:50:12.887,-0.057,-1.992,9.538,0.05
2021-04-21 10:50:14.487,-0.038,-1.972,9.519,1.96
2021-04-21 10:50:14.887,-0.038,-1.992,9.519,1.01
2021-04-21 10:50:16.887,-0.057,-1.972,9.538,1.00
2021-04-21 10:50:17.087,-0.057,-1.972,9.538,0.05
2021-04-21 10:50:17.906,-0.057,-1.992,9.519,2.90
2021-04-21 10:50:18.487,-0.038,-1.972,9.538,1.95
2021-04-21 10:50:18.887,-0.057,-1.992,9.519,1.94
2021-04-21 10:50:19.487,-0.019,-1.992,9.519,0.90
2021-04-21 10:50:20.487,-0.057,-1.992,9.538,1.98
2021-04-21 10:50:21.287,-0.038,-1.972,9.538,1.96
2021-04-21 10:50:22.087,-0.057,-1.972,9.538,0.05
2021-04-21 10:50:23.887,-0.057,-1.972,9.557,1.95
2021-04-21 10:50:25.087,0.0,-1.992,9.519,0.05
2021-04-21 10:50:26.287,-0.019,-1.972,9.519,0.05
2021-04-21 10:50:26.487,-0.057,-1.972,9.557,1.95
2021-04-21 10:50:27.887,-0.057,-1.972,9.519,0.90
2021-04-21 10:50:28.887,-0.038,-1.972,9.519,1.96
2021-04-21 10:50:29.887,-0.019,-1.992,9.538,1.84
2021-04-21 10:50:30.287,-0.038,-1.972,9.519,0.90
2021-04-21 10:50:30.487,-0.038,-1.972,9.538,1.00
2021-04-21 10:50:31.287,-0.038,-1.992,9.538,0.05
2021-04-21 10:50:32.487,-0.057,-1.972,9.538,0.05
2021-04-21 10:50:32.687,-0.057,-1.992,9.557,0.90
2021-04-21 10:50:33.087,-0.038,-1.972,9.538,1.00
2021-04-21 10:50:33.287,-0.038,-1.992,9.538,0.90
2021-04-21 10:50:34.487,-0.038,-1.992,9.538,0.05
2021-04-21 10:50:35.086,-0.019,-1.992,9.519,1.00
2021-04-21 10:50:35.487,-0.057,-1.972,9.538,1.00
2021-04-21 10:50:36.087,-0.038,-1.972,9.519,0.90
2021-04-21 10:50:39.487,-0.057,-1.992,9.538,1.94
2021-04-21 10:50:39.887,-0.038,-1.992,9.519,1.01
2021-04-21 10:50:42.487,-0.019,-1.972,9.538,2.90
2021-04-21 10:50:42.687,-0.038,-1.972,9.519,1.00
2021-04-21 10:50:43.087,-0.057,-1.972,9.538,0.05
2021-04-21 10:50:47.287,-0.019,-1.992,9.519,1.00
2021-04-21 10:50:48.287,-0.038,-1.972,9.538,1.00
2021-04-21 10:50:48.687,-0.019,-1.992,9.5,1.00
2021-04-21 10:50:50.287,-0.038,-1.972,9.538,1.95
2021-04-21 10:50:50.487,-0.057,-1.972,9.519,0.90
2021-04-21 10:50:51.287,-0.038,-1.992,9.538,0.05
2021-04-21 10:50:51.687,-0.038,-1.972,9.538,0.05
2021-04-21 10:50:52.687,-0.038,-1.972,9.538,1.95
2021-04-21 10:50:53.287,-0.038,-1.992,9.519,1.95
2021-04-21 10:50:54.087,-0.057,-1.972,9.538,0.05
2021-04-21 10:50:54.687,-0.038,-1.992,9.538,0.90
2021-04-21 10:50:55.087,-0.038,-1.992,9.557,0.90
2021-04-21 10:50:56.887,-0.057,-1.992,9.519,2.90
2021-04-21 10:50:57.287,-0.038,-1.972,9.519,1.95
2021-04-21 10:50:57.486,-0.019,-1.992,9.538,0.90
2021-04-21 10:50:57.687,-0.019,-1.992,9.519,0.05
2021-04-21 10:50:59.087,-0.038,-1.972,9.519,0.05
2021-04-21 10:50:59.287,-0.019,-1.992,9.5,1.00
2021-04-21 10:50:59.487,-0.057,-1.972,9.557,1.96
2021-04-21 10:51:00.087,-0.038,-1.992,9.519,1.00
2021-04-21 10:51:00.687,-0.019,-1.972,9.538,2.90
2021-04-21 10:51:00.887,-0.038,-1.992,9.538,1.95
2021-04-21 10:51:01.087,-0.038,-1.972,9.519,0.90
2021-04-21 10:51:01.487,-0.057,-1.972,9.519,0.90
2021-04-21 10:51:02.088,-0.038,-1.992,9.538,0.05
2021-04-21 10:51:02.487,-0.019,-1.972,9.519,1.95
2021-04-21 10:51:03.287,-0.057,-1.972,9.538,1.00
2021-04-21 10:51:03.887,-0.057,-1.992,9.538,2.90
2021-04-21 10:51:04.287,-0.076,-1.972,9.538,0.05
2021-04-21 10:51:04.487,-0.038,-1.992,9.538,0.90
2021-04-21 10:51:04.687,-0.019,-1.992,9.519,0.05
2021-04-21 10:51:05.087,-0.038,-1.972,9.519,0.05
2021-04-21 10:51:05.287,-0.057,-1.972,9.519,0.90
2021-04-21 10:51:05.687,-0.038,-1.992,9.538,0.90
2021-04-21 10:51:05.888,-0.057,-1.972,9.557,1.00
2021-04-21 10:51:06.087,-0.038,-1.972,9.519,1.00
2021-04-21 10:51:06.687,-0.019,-1.992,9.519,0.05
2021-04-21 10:51:06.887,-0.038,-1.972,9.519,0.90
2021-04-21 10:51:07.287,-0.038,-1.972,9.519,2.90
2021-04-21 10:51:09.287,-0.057,-1.992,9.538,1.00
2021-04-21 10:51:09.488,-0.038,-1.972,9.538,1.00
2021-04-21 10:51:10.288,-0.038,-1.972,9.538,0.05
2021-04-21 10:51:11.087,-0.057,-1.992,9.538,1.95
2021-04-21 10:51:11.287,-0.057,-1.972,9.538,0.05
2021-04-21 10:51:11.687,-0.038,-1.992,9.538,0.05
2021-04-21 10:51:11.887,-0.019,-1.992,9.538,0.90
2021-04-21 10:51:12.487,-0.057,-1.972,9.538,1.00
2021-04-21 10:51:14.287,-0.038,-1.992,9.519,1.00
2021-04-21 10:51:14.487,-0.076,-1.972,9.557,1.01
2021-04-21 10:51:15.086,-0.057,-1.992,9.538,1.00
2021-04-21 10:51:16.487,-0.057,-1.992,9.538,1.94
2021-04-21 10:51:17.287,-0.019,-1.972,9.538,2.90
2021-04-21 10:51:17.687,-0.057,-1.972,9.538,0.05
2021-04-21 10:51:18.687,-0.038,-1.992,9.538,0.05
2021-04-21 10:51:18.886,-0.076,-1.972,9.519,1.84
2021-04-21 10:51:19.087,-0.038,-1.992,9.538,0.90
2021-04-21 10:51:19.487,-0.038,-1.972,9.519,0.90
2021-04-21 10:51:20.087,-0.057,-1.972,9.519,0.90
2021-04-21 10:51:20.487,-0.038,-1.992,9.538,0.90
2021-04-21 10:51:20.689,-0.057,-1.972,9.557,1.01
2021-04-21 10:51:20.887,-0.019,-1.972,9.538,2.90
2021-04-21 10:51:21.287,-0.038,-1.972,9.538,1.00
2021-04-21 10:51:21.687,-0.019,-1.992,9.519,1.00
2021-04-21 10:51:21.887,-0.038,-1.972,9.519,0.05
2021-04-21 10:51:22.087,-0.057,-1.992,9.538,1.95
2021-04-21 10:51:22.487,-0.057,-1.972,9.519,0.05
2021-04-21 10:51:22.887,-0.019,-1.992,9.538,0.05
2021-04-21 10:51:23.287,-0.038,-1.972,9.519,0.05
2021-04-21 10:51:23.687,-0.038,-1.992,9.519,1.00
2021-04-21 10:51:25.285,-0.038,-1.992,9.538,0.05
2021-04-21 10:51:26.487,-0.057,-1.972,9.538,0.05
2021-04-21 10:51:26.687,-0.038,-1.992,9.538,1.00
2021-04-21 10:51:27.087,-0.038,-1.992,9.519,1.95
2021-04-21 10:51:28.487,-0.057,-1.972,9.519,0.90
2021-04-21 10:51:29.087,-0.057,-1.992,9.519,2.90
2021-04-21 10:51:29.487,-0.038,-1.972,9.538,2.90
2021-04-21 10:51:29.687,-0.057,-1.972,9.538,0.05
2021-04-21 10:51:31.687,-0.057,-1.992,9.538,1.96
2021-04-21 10:51:32.087,-0.057,-1.992,9.519,2.90
2021-04-21 10:51:33.487,-0.038,-1.992,9.557,0.05
2021-04-21 10:51:35.087,-0.057,-1.972,9.538,1.00
2021-04-21 10:51:35.487,-0.038,-1.992,9.519,1.00
2021-04-21 10:51:35.687,-0.038,-1.972,9.538,2.91
2021-04-21 10:51:36.087,0.0,-1.972,9.538,3.83
2021-04-21 10:51:38.487,-0.019,-1.992,9.538,1.96
2021-04-21 10:51:38.687,-0.057,-1.972,9.557,0.05
2021-04-21 10:51:38.887,-0.038,-1.972,9.538,1.95
2021-04-21 10:51:39.487,-0.038,-1.972,9.538,1.00
2021-04-21 10:51:40.487,-0.076,-1.992,9.538,2.91
2021-04-21 10:51:40.688,-0.057,-1.972,9.557,2.90
2021-04-21 10:51:40.888,-0.038,-1.972,9.538,1.00
2021-04-21 10:51:42.086,-0.057,-1.992,9.538,1.94
2021-04-21 10:51:42.688,-0.038,-1.972,9.557,2.91
2021-04-21 10:51:42.887,-0.038,-1.972,9.538,1.94
2021-04-21 10:51:44.288,-0.038,-1.992,9.538,0.05
2021-04-21 10:51:44.687,-0.057,-1.972,9.557,1.00
2021-04-21 10:51:44.887,-0.038,-1.953,9.519,0.00
2021-04-21 10:51:45.087,-0.057,-1.992,9.519,2.91
2021-04-21 10:51:46.687,-0.019,-1.992,9.519,1.00
2021-04-21 10:51:47.087,-0.019,-1.992,9.538,0.05
2021-04-21 10:51:48.687,-0.057,-1.992,9.557,1.00
2021-04-21 10:51:49.887,-0.019,-1.992,9.519,0.05
2021-04-21 10:51:51.287,-0.057,-1.992,9.538,3.85
2021-04-21 10:51:52.487,-0.019,-1.972,9.538,2.90
2021-04-21 10:51:53.087,-0.038,-1.972,9.538,2.90
2021-04-21 10:51:53.687,-0.019,-1.992,9.519,0.05
2021-04-21 10:51:54.086,-0.019,-1.972,9.538,2.89
2021-04-21 10:51:54.687,-0.038,-1.992,9.538,1.95
2021-04-21 10:51:54.887,-0.038,-1.992,9.519,1.00
2021-04-21 10:51:55.687,-0.057,-1.972,9.538,1.00
2021-04-21 10:51:55.887,-0.019,-1.992,9.519,0.05
2021-04-21 10:51:56.087,-0.038,-1.972,9.538,1.00
2021-04-21 10:51:56.287,-0.038,-1.992,9.519,1.95
2021-04-21 10:51:56.687,-0.019,-1.992,9.519,1.00
2021-04-21 10:51:58.087,-0.038,-1.972,9.538,1.01
2021-04-21 10:51:58.687,-0.057,-1.953,9.538,0.00
2021-04-21 10:51:58.887,-0.038,-1.972,9.557,1.94
2021-04-21 10:51:59.287,-0.038,-1.992,9.538,0.90
2021-04-21 10:51:59.687,-0.057,-1.992,9.538,2.91
2021-04-21 10:52:01.287,-0.019,-1.972,9.519,1.00
2021-04-21 10:52:02.088,-0.038,-1.992,9.519,1.96
2021-04-21 10:52:02.287,-0.057,-1.972,9.538,1.00
2021-04-21 10:52:02.487,-0.057,-1.992,9.538,1.95
2021-04-21 10:52:02.887,-0.038,-1.992,9.538,0.05
2021-04-21 10:52:07.087,-0.057,-1.992,9.538,1.00
2021-04-21 10:52:08.087,-0.038,-1.972,9.538,1.96
2021-04-21 10:52:08.287,-0.057,-1.992,9.538,1.95
2021-04-21 10:52:08.487,-0.038,-1.972,9.538,1.95
2021-04-21 10:52:08.687,-0.019,-1.972,9.557,1.94
2021-04-21 10:52:09.088,-0.038,-1.992,9.5,4.82
2021-04-21 10:52:09.287,-0.038,-1.972,9.538,1.95
2021-04-21 10:52:12.287,-0.038,-1.992,9.5,1.96
2021-04-21 10:52:12.687,-0.019,-1.972,9.519,2.89
2021-04-21 10:52:12.887,-0.038,-1.992,9.538,1.01
2021-04-21 10:52:13.087,-0.057,-1.972,9.538,0.90
2021-04-21 10:52:14.087,-0.019,-1.992,9.519,0.05
2021-04-21 10:52:14.687,-0.057,-1.992,9.519,2.89
2021-04-21 10:52:15.487,-0.057,-1.992,9.519,1.95
2021-04-21 10:52:16.087,-0.019,-1.972,9.538,1.95
2021-04-21 10:52:16.487,-0.038,-1.992,9.519,1.94
2021-04-21 10:52:16.887,-0.038,-1.972,9.557,2.90
2021-04-21 10:52:17.887,-0.038,-1.992,9.538,1.95
2021-04-21 10:52:18.887,-0.038,-1.972,9.538,1.94
2021-04-21 10:52:19.287,-0.057,-1.992,9.557,0.90
2021-04-21 10:52:19.688,-0.019,-1.992,9.538,0.90
2021-04-21 10:52:23.688,-0.057,-1.992,9.519,3.85
2021-04-21 10:52:24.887,-0.038,-1.992,9.538,0.05
2021-04-21 10:52:26.687,-0.038,-1.992,9.538,1.00
2021-04-21 10:52:28.887,-0.019,-1.992,9.519,1.00
2021-04-21 10:52:29.287,-0.057,-1.992,9.557,1.00
2021-04-21 10:52:30.287,-0.038,-1.972,9.519,0.90
2021-04-21 10:52:31.087,-0.019,-1.992,9.538,0.90
2021-04-21 10:52:31.287,-0.057,-1.992,9.538,1.95
2021-04-21 10:52:32.687,-0.057,-1.992,9.538,1.96
2021-04-21 10:52:33.887,-0.038,-1.992,9.538,1.00
2021-04-21 10:52:34.487,-0.019,-1.972,9.538,2.93
2021-04-21 10:52:35.487,-0.057,-1.992,9.538,0.35
2021-04-21 10:52:37.128,-0.019,-1.992,9.538,9.99
2021-04-21 10:52:37.140,-0.038,-1.972,9.538,0.07
2021-04-21 10:52:37.287,-0.057,-1.992,9.538,1.93
2021-04-21 10:52:37.889,-0.019,-1.972,9.519,1.96
2021-04-21 10:52:38.087,-0.019,-1.992,9.538,0.05
2021-04-21 10:52:38.487,-0.038,-1.972,9.538,0.05
2021-04-21 10:52:39.086,-0.019,-1.972,9.538,1.00
2021-04-21 10:52:39.687,-0.019,-1.992,9.538,0.05
2021-04-21 10:52:40.087,-0.019,-1.972,9.538,2.90
2021-04-21 10:52:40.487,-0.057,-1.972,9.557,1.95
2021-04-21 10:52:41.087,-0.038,-1.992,9.557,0.05
2021-04-21 10:52:41.286,-0.057,-1.972,9.538,0.90
2021-04-21 10:52:41.487,-0.038,-1.992,9.538,0.05
2021-04-21 10:52:41.687,-0.019,-1.972,9.5,0.05
2021-04-21 10:52:42.287,-0.038,-1.992,9.538,0.05
2021-04-21 10:52:42.487,-0.019,-1.972,9.519,1.00
2021-04-21 10:52:42.687,-0.057,-1.992,9.538,1.95
2021-04-21 10:52:42.887,-0.038,-1.992,9.519,1.00
2021-04-21 10:52:46.087,-0.019,-1.972,9.519,1.96
2021-04-21 10:52:46.287,-0.038,-1.992,9.538,1.00
2021-04-21 10:52:46.487,-0.057,-1.972,9.538,0.90
2021-04-21 10:52:46.887,-0.038,-1.992,9.519,1.00
2021-04-21 10:52:47.085,-0.019,-1.972,9.519,1.95
2021-04-21 10:52:47.687,-0.038,-1.972,9.538,1.00
2021-04-21 10:52:48.487,-0.038,-1.992,9.538,0.05
2021-04-21 10:52:49.087,-0.057,-1.992,9.538,1.96
2021-04-21 10:52:50.687,-0.019,-1.972,9.519,1.95
2021-04-21 10:52:51.287,-0.038,-2.011,9.538,1.95
2021-04-21 10:52:51.487,-0.019,-1.992,9.519,0.95
2021-04-21 10:52:51.687,-0.038,-1.992,9.557,0.90
2021-04-21 10:52:52.487,-0.057,-1.972,9.538,0.90
2021-04-21 10:52:52.687,-0.019,-1.992,9.538,0.90
2021-04-21 10:52:53.288,-0.038,-1.972,9.538,1.00
2021-04-21 10:52:53.886,-0.019,-1.992,9.538,0.90
2021-04-21 10:52:54.287,-0.038,-1.972,9.538,0.05
2021-04-21 10:52:54.887,-0.019,-1.992,9.519,1.00
2021-04-21 10:52:55.087,-0.057,-1.992,9.538,1.00
2021-04-21 10:52:55.687,-0.019,-2.011,9.538,0.00
2021-04-21 10:52:57.087,-0.038,-1.972,9.519,0.05
2021-04-21 10:52:57.287,-0.057,-1.992,9.538,1.00
2021-04-21 10:52:57.487,-0.038,-1.972,9.538,1.96
2021-04-21 10:52:58.087,-0.038,-1.972,9.538,0.05
2021-04-21 10:52:59.287,-0.038,-1.992,9.5,3.85
2021-04-21 10:53:00.887,-0.057,-1.992,9.538,1.96
2021-04-21 10:53:01.487,-0.038,-1.972,9.538,1.95
2021-04-21 10:53:01.687,-0.038,-1.972,9.519,0.90
2021-04-21 10:53:03.087,-0.057,-1.992,9.557,1.01
2021-04-21 10:53:03.687,-0.019,-1.972,9.538,2.90
2021-04-21 10:53:04.087,-0.019,-1.992,9.538,0.90
2021-04-21 10:53:04.487,-0.038,-1.992,9.538,1.00
2021-04-21 10:53:04.887,-0.038,-1.992,9.557,0.05
2021-04-21 10:53:05.486,-0.019,-1.972,9.519,1.95
2021-04-21 10:53:06.087,-0.038,-1.972,9.519,0.05
2021-04-21 10:53:08.287,-0.057,-1.972,9.538,1.01
2021-04-21 10:53:08.687,-0.038,-1.992,9.538,0.05
2021-04-21 10:53:08.885,-0.038,-1.972,9.538,1.95
2021-04-21 10:53:09.287,-0.038,-1.992,9.519,2.90
2021-04-21 10:53:09.687,-0.019,-1.972,9.538,1.00
2021-04-21 10:53:10.487,-0.038,-1.992,9.519,2.90
2021-04-21 10:53:10.687,-0.019,-1.992,9.538,0.90
2021-04-21 10:53:13.887,-0.038,-1.972,9.538,0.05
2021-04-21 10:53:14.087,-0.019,-1.972,9.519,2.90
2021-04-21 10:53:14.887,-0.038,-1.992,9.519,1.95
2021-04-21 10:53:15.086,-0.019,-1.972,9.519,1.94
2021-04-21 10:53:15.687,-0.057,-1.972,9.538,0.90
2021-04-21 10:53:16.487,-0.019,-1.992,9.538,0.90
2021-04-21 10:53:16.686,-0.038,-1.972,9.538,1.00
2021-04-21 10:53:17.487,-0.057,-1.992,9.557,1.00
2021-04-21 10:53:17.687,-0.038,-1.972,9.557,1.96
2021-04-21 10:53:17.887,-0.057,-1.972,9.538,0.05
2021-04-21 10:53:18.287,-0.038,-1.992,9.538,2.90
2021-04-21 10:53:18.687,-0.019,-1.972,9.519,1.01
2021-04-21 10:53:18.887,-0.038,-1.992,9.538,1.00
2021-04-21 10:53:19.087,-0.038,-1.972,9.538,1.94
2021-04-21 10:53:20.087,-0.019,-1.992,9.519,0.90
2021-04-21 10:53:22.487,-0.038,-1.972,9.519,0.05
2021-04-21 10:53:22.687,-0.019,-1.992,9.538,0.90
2021-04-21 10:53:22.885,-0.057,-1.972,9.538,0.90
2021-04-21 10:53:23.287,-0.019,-1.992,9.519,1.00
2021-04-21 10:53:24.487,-0.038,-1.972,9.538,0.05
2021-04-21 10:53:24.887,-0.057,-1.992,9.538,1.95
2021-04-21 10:53:25.287,-0.038,-1.972,9.538,1.95
2021-04-21 10:53:25.487,-0.057,-1.972,9.538,0.90
2021-04-21 10:53:25.887,-0.019,-1.992,9.519,0.05
2021-04-21 10:53:26.087,-0.019,-1.992,9.538,0.05
2021-04-21 10:53:30.287,-0.019,-1.972,9.519,1.00
2021-04-21 10:53:31.687,-0.038,-1.992,9.519,1.95
2021-04-21 10:53:31.887,-0.038,-1.992,9.538,1.95
2021-04-21 10:53:34.287,-0.038,-1.972,9.557,2.90
2021-04-21 10:53:34.687,-0.038,-1.972,9.519,0.05
2021-04-21 10:53:35.687,-0.057,-1.992,9.519,1.95
2021-04-21 10:53:36.087,-0.038,-1.972,9.538,2.90
2021-04-21 10:53:36.287,-0.019,-1.992,9.5,1.95
2021-04-21 10:53:37.287,-0.057,-1.972,9.538,0.05
2021-04-21 10:53:37.687,-0.038,-1.972,9.519,1.00
2021-04-21 10:53:38.887,-0.019,-1.992,9.519,0.05
2021-04-21 10:53:39.085,-0.019,-1.992,9.519,1.00
2021-04-21 10:53:41.087,-0.057,-1.972,9.538,0.05
2021-04-21 10:53:41.687,-0.019,-1.992,9.519,0.93
2021-04-21 10:53:42.302,-0.057,-1.972,9.538,1.91
2021-04-21 10:53:44.087,-0.038,-1.992,9.538,0.05
2021-04-21 10:53:44.287,-0.019,-1.972,9.519,0.05
2021-04-21 10:53:44.687,-0.038,-1.992,9.519,1.94
2021-04-21 10:53:44.887,-0.038,-1.992,9.538,1.95
2021-04-21 10:53:46.087,-0.019,-1.972,9.538,1.96
2021-04-21 10:53:48.087,-0.057,-1.972,9.519,0.05
2021-04-21 10:53:48.887,-0.038,-1.972,9.519,1.01
2021-04-21 10:53:49.287,-0.038,-1.992,9.519,3.85
2021-04-21 10:53:50.087,-0.019,-1.972,9.519,1.96
2021-04-21 10:53:50.287,-0.057,-1.972,9.538,0.05
2021-04-21 10:53:51.487,-0.038,-1.972,9.538,1.94
2021-04-21 10:53:53.287,-0.038,-1.972,9.538,0.05
2021-04-21 10:53:53.887,-0.019,-1.972,9.519,1.95
2021-04-21 10:53:54.287,-0.038,-1.992,9.519,1.01
2021-04-21 10:53:55.287,-0.057,-1.972,9.538,0.90
2021-04-21 10:53:56.687,-0.038,-1.992,9.557,0.90
2021-04-21 10:53:56.887,-0.019,-1.972,9.538,1.00
2021-04-21 10:53:57.089,-0.038,-1.992,9.519,1.95
2021-04-21 10:53:57.687,-0.057,-1.992,9.538,1.96
2021-04-21 10:53:58.287,0.019,-1.972,9.5,1.00
2021-04-21 10:54:00.087,-0.019,-1.992,9.538,1.85
2021-04-21 10:54:00.487,0.478,-2.126,9.73,27.75
2021-04-21 10:54:00.687,3.371,-1.264,9.079,155.20
2021-04-21 10:54:00.886,4.846,-0.747,8.734,82.35
2021-04-21 10:54:01.087,6.052,-0.842,8.044,20.95
2021-04-21 10:54:01.287,7.546,-0.651,5.995,18.20
2021-04-21 10:54:01.487,8.351,-0.632,5.133,1.91
2021-04-21 10:54:01.687,7.604,-0.383,5.822,9.55
2021-04-21 10:54:01.887,6.071,-0.861,7.297,26.80
2021-04-21 10:54:02.087,2.011,-1.838,9.634,135.00
2021-04-21 10:54:02.287,-0.038,-1.953,9.557,112.05
2021-04-21 10:54:02.487,-4.099,-1.13,8.753,36.45
2021-04-21 10:54:03.595,-4.443,-1.398,8.83,668.75
2021-04-21 10:54:03.602,-4.577,-1.628,8.542,931.43
2021-04-21 10:54:03.610,-4.194,-0.727,8.753,1868.75
2021-04-21 10:54:03.618,-3.773,-1.704,7.738,981.88
2021-04-21 10:54:03.633,-7.853,0.708,6.11,646.27
2021-04-21 10:54:03.686,-8.6,0.459,4.405,134.38
2021-04-21 10:54:03.887,-9.423,0.766,2.221,134.33
2021-04-21 10:54:04.087,-9.596,0.727,1.053,69.35
2021-04-21 10:54:04.287,-9.519,0.747,1.589,31.65
2021-04-21 10:54:04.487,-8.964,0.593,3.466,113.90
2021-04-21 10:54:04.687,-8.638,0.555,4.213,52.01
2021-04-21 10:54:04.885,-6.454,0.766,6.397,227.81
2021-04-21 10:54:05.087,-6.857,-0.268,7.029,40.25
2021-04-21 10:54:05.287,-4.405,-1.302,8.504,144.65
2021-04-21 10:54:05.487,-1.723,-1.283,9.5,184.85
2021-04-21 10:54:05.687,2.106,-1.838,9.174,147.40
2021-04-21 10:54:05.887,4.156,-1.436,8.447,86.25
2021-04-21 10:54:06.087,6.512,-0.555,7.202,99.60
2021-04-21 10:54:06.287,8.485,-0.057,5.956,61.25
2021-04-21 10:54:06.487,9.059,1.053,2.853,70.95
2021-04-21 10:54:06.687,7.68,0.038,5.899,32.60
2021-04-21 10:54:06.887,3.256,-2.183,8.447,204.85
2021-04-21 10:54:07.086,-1.091,-2.106,12.68,1.85
2021-04-21 10:54:07.287,-0.057,-1.953,9.538,94.44
2021-04-21 10:54:07.494,-0.076,-1.972,9.538,1.97
2021-04-21 10:54:07.687,-0.038,-1.972,9.538,0.95
2021-04-21 10:54:08.487,-0.038,-1.953,9.519,0.95
2021-04-21 10:54:08.887,-0.057,-1.972,9.519,1.91
2021-04-21 10:54:09.087,-0.076,-1.953,9.538,0.95
2021-04-21 10:54:09.487,-0.057,-1.972,9.538,0.00
2021-04-21 10:54:09.687,-0.076,-1.953,9.538,0.95
2021-04-21 10:54:10.087,-0.038,-1.953,9.538,2.85
2021-04-21 10:54:10.487,-0.057,-1.972,9.538,1.90
2021-04-21 10:54:10.686,-0.057,-1.953,9.538,0.95
2021-04-21 10:54:11.487,-0.057,-1.992,9.538,2.91
2021-04-21 10:54:12.687,-0.076,-1.972,9.519,0.90
2021-04-21 10:54:12.887,-0.038,-1.972,9.519,0.00
2021-04-21 10:54:14.287,-0.057,-1.953,9.538,0.95
2021-04-21 10:54:17.087,-0.038,-1.972,9.557,0.00
2021-04-21 10:54:17.486,0.0,-1.972,9.519,1.95
2021-04-21 10:54:18.487,0.0,-1.992,9.538,0.05
2021-04-21 10:54:19.687,0.0,-1.992,9.538,0.90
2021-04-21 10:54:21.287,-0.019,-1.972,9.519,0.90
2021-04-21 10:54:21.487,0.0,-1.972,9.519,1.94
2021-04-21 10:54:21.887,-0.038,-1.992,9.538,1.95
2021-04-21 10:54:22.687,-0.019,-1.972,9.538,1.95
2021-04-21 10:54:22.887,-0.019,-1.972,9.538,0.05
2021-04-21 10:54:23.687,-0.019,-1.992,9.538,1.01
2021-04-21 10:54:24.087,-0.038,-1.972,9.557,1.00
2021-04-21 10:54:24.487,-0.019,-1.972,9.538,1.95
2021-04-21 10:54:24.887,-0.038,-1.972,9.538,0.05
2021-04-21 10:54:26.087,-0.038,-1.992,9.557,1.00
2021-04-21 10:54:26.488,0.0,-1.992,9.538,0.90
2021-04-21 10:54:27.087,-0.019,-1.992,9.538,0.05
2021-04-21 10:54:28.487,0.0,-1.992,9.557,1.86
2021-04-21 10:54:29.487,-0.019,-1.992,9.538,1.95
2021-04-21 10:54:29.887,0.019,-1.992,9.519,1.01
2021-04-21 10:54:31.087,-0.019,-1.972,9.538,2.89
2021-04-21 10:54:31.687,0.0,-1.972,9.519,1.00
2021-04-21 10:54:32.887,-0.019,-1.992,9.538,1.00
2021-04-21 10:54:33.087,0.0,-1.992,9.557,0.90
2021-04-21 10:54:34.087,-0.019,-1.972,9.538,0.90
2021-04-21 10:54:34.287,0.0,-1.992,9.519,0.90
2021-04-21 10:54:34.887,-0.019,-1.972,9.519,0.90
2021-04-21 10:54:35.288,0.0,-1.992,9.538,0.05
2021-04-21 10:54:36.287,0.0,-1.992,9.519,1.95
2021-04-21 10:54:37.888,-0.019,-1.972,9.519,0.90
2021-04-21 10:54:38.887,0.0,-1.972,9.538,1.96
2021-04-21 10:54:39.887,0.019,-1.992,9.519,1.00
2021-04-21 10:54:40.087,-0.019,-1.972,9.538,0.05
2021-04-21 10:54:40.287,-0.019,-1.992,9.519,1.00
2021-04-21 10:54:41.687,0.0,-1.972,9.538,1.94
2021-04-21 10:54:43.487,0.0,-1.972,9.519,1.00
2021-04-21 10:54:45.687,-0.019,-1.992,9.519,2.90
2021-04-21 10:54:46.087,-0.038,-1.992,9.557,1.00
2021-04-21 10:54:46.487,-0.019,-1.972,9.538,1.00
2021-04-21 10:54:47.087,0.0,-1.992,9.519,0.98
2021-04-21 10:54:47.291,-0.019,-1.972,9.538,0.05
2021-04-21 10:54:48.087,-0.019,-1.992,9.538,1.00
2021-04-21 10:54:48.687,-0.019,-1.992,9.538,1.00
2021-04-21 10:54:49.687,0.0,-1.972,9.538,1.95
2021-04-21 10:54:50.287,-0.019,-1.953,9.538,0.00
2021-04-21 10:54:50.487,-0.019,-1.992,9.538,1.00
2021-04-21 10:54:51.088,0.0,-1.992,9.538,0.90
2021-04-21 10:54:51.487,-0.019,-1.972,9.557,1.00
2021-04-21 10:54:51.687,-0.019,-1.972,9.557,1.96
2021-04-21 10:54:52.487,-0.019,-1.972,9.557,1.00
2021-04-21 10:54:53.687,-0.038,-1.972,9.538,0.90
2021-04-21 10:54:54.087,0.0,-1.992,9.519,1.88
2021-04-21 10:54:54.494,0.0,-1.992,9.538,1.00
2021-04-21 10:54:55.087,-0.019,-1.972,9.538,0.05
2021-04-21 10:54:55.287,0.0,-1.992,9.519,1.01
2021-04-21 10:54:56.487,0.0,-1.992,9.5,1.00
2021-04-21 10:54:58.487,-0.038,-1.972,9.538,0.05
2021-04-21 10:54:59.887,-0.019,-1.972,9.519,0.90
2021-04-21 10:55:00.687,-0.019,-1.972,9.538,1.00
2021-04-21 10:55:01.487,0.0,-1.992,9.538,0.05
2021-04-21 10:55:01.687,-0.019,-1.972,9.538,0.05
2021-04-21 10:55:01.887,0.0,-1.992,9.538,0.90
2021-04-21 10:55:02.486,-0.038,-1.992,9.538,2.90
2021-04-21 10:55:03.487,-0.019,-1.972,9.538,1.95
2021-04-21 10:55:03.687,0.0,-1.992,9.538,1.00
2021-04-21 10:55:04.087,-0.038,-1.972,9.557,0.05
2021-04-21 10:55:05.287,0.019,-1.992,9.519,0.05
2021-04-21 10:55:05.487,0.0,-1.972,9.538,1.00
2021-04-21 10:55:07.287,-0.038,-1.992,9.538,2.90
2021-04-21 10:55:09.087,0.019,-1.972,9.519,1.95
2021-04-21 10:55:10.087,0.0,-1.992,9.519,1.95
2021-04-21 10:55:11.087,-0.019,-1.972,9.538,1.00
2021-04-21 10:55:11.287,-0.019,-1.972,9.519,0.82
2021-04-21 10:55:11.907,0.0,-1.992,9.557,1.85
2021-04-21 10:55:13.887,-0.019,-1.972,9.519,1.85
2021-04-21 10:55:14.087,0.019,-1.992,9.519,0.05
2021-04-21 10:55:15.287,0.0,-1.972,9.557,1.95
2021-04-21 10:55:16.687,-0.019,-1.992,9.538,1.95
2021-04-21 10:55:19.087,0.0,-1.992,9.538,1.00
2021-04-21 10:55:20.287,-0.019,-1.972,9.519,0.90
2021-04-21 10:55:20.687,0.0,-1.992,9.519,0.05
2021-04-21 10:55:20.887,0.0,-1.992,9.519,0.05
2021-04-21 10:55:22.287,-0.019,-1.972,9.538,0.05
2021-04-21 10:55:24.688,-0.038,-1.953,9.538,0.00
2021-04-21 10:55:24.886,-0.019,-1.972,9.519,0.95
2021-04-21 10:55:25.087,0.0,-1.992,9.519,1.01
2021-04-21 10:55:25.887,-0.019,-1.972,9.538,0.05
2021-04-21 10:55:26.487,0.0,-1.992,9.519,1.00
2021-04-21 10:55:27.687,0.019,-1.972,9.519,0.05
2021-04-21 10:55:29.688,-0.019,-1.992,9.538,1.00
2021-04-21 10:55:30.087,0.0,-1.992,9.538,0.05
2021-04-21 10:55:30.886,-0.019,-1.972,9.577,1.99
2021-04-21 10:55:31.088,0.0,-1.992,9.557,1.06
2021-04-21 10:55:31.287,0.0,-1.992,9.538,0.90
2021-04-21 10:55:31.887,-0.019,-1.992,9.538,1.95
2021-04-21 10:55:32.887,0.0,-1.992,9.519,1.95
2021-04-21 10:55:35.087,-0.019,-1.972,9.538,1.00
2021-04-21 10:55:35.287,-0.038,-1.972,9.557,1.00
2021-04-21 10:55:36.087,0.019,-1.992,9.519,0.05
2021-04-21 10:55:37.088,0.0,-1.972,9.519,0.05
2021-04-21 10:55:38.687,0.0,-1.992,9.538,0.90
2021-04-21 10:55:40.487,-0.019,-1.992,9.538,1.95
2021-04-21 10:55:43.287,0.0,-1.972,9.538,1.00
2021-04-21 10:55:43.887,-0.019,-1.992,9.538,1.94
2021-04-21 10:55:44.087,0.0,-1.972,9.519,1.01
2021-04-21 10:55:44.287,-0.019,-1.992,9.538,2.90
2021-04-21 10:55:44.887,0.019,-1.992,9.538,1.00
2021-04-21 10:55:45.887,0.0,-1.972,9.538,1.00
2021-04-21 10:55:47.887,0.019,-1.992,9.538,0.05
2021-04-21 10:55:48.087,0.0,-1.972,9.557,1.00
2021-04-21 10:55:48.287,-0.019,-1.992,9.538,2.90
2021-04-21 10:55:48.487,0.0,-1.972,9.538,1.95
2021-04-21 10:55:48.687,-0.019,-1.972,9.538,1.00
2021-04-21 10:55:49.887,-0.019,-1.972,9.538,1.00
2021-04-21 10:55:50.687,0.0,-1.972,9.538,1.00
2021-04-21 10:55:51.487,0.019,-1.992,9.519,0.05
2021-04-21 10:55:53.687,0.0,-1.972,9.538,2.89
2021-04-21 10:55:54.087,0.0,-1.992,9.538,0.05
2021-04-21 10:55:54.505,-0.019,-1.972,9.538,0.06
2021-04-21 10:55:54.687,0.0,-1.992,9.519,1.00
2021-04-21 10:55:54.887,-0.019,-1.992,9.519,2.90
2021-04-21 10:55:55.287,-0.019,-1.972,9.538,1.01
2021-04-21 10:55:57.286,-0.019,-1.992,9.538,1.96
2021-04-21 10:55:57.687,-0.038,-1.992,9.538,1.96
2021-04-21 10:55:58.087,-0.019,-1.972,9.557,0.00
2021-04-21 10:55:58.487,0.0,-1.992,9.538,1.00
2021-04-21 10:55:58.687,0.0,-1.992,9.538,0.05
2021-04-21 10:56:00.887,-0.038,-1.972,9.557,1.00
2021-04-21 10:56:01.687,-0.019,-1.972,9.538,0.05
2021-04-21 10:56:03.286,-0.019,-1.972,9.538,1.01
2021-04-21 10:56:04.887,-0.019,-1.972,9.538,0.05
2021-04-21 10:56:06.487,0.019,-1.972,9.538,1.94
2021-04-21 10:56:08.487,-0.019,-1.992,9.538,2.91
2021-04-21 10:56:09.087,0.0,-1.992,9.538,0.90
2021-04-21 10:56:09.887,-0.019,-1.992,9.538,0.85
2021-04-21 10:56:12.121,-0.019,-1.972,9.557,390.00
2021-04-21 10:56:14.888,-0.019,-1.992,9.557,1.01
2021-04-21 10:56:16.087,-0.019,-1.972,9.538,0.90
2021-04-21 10:56:16.487,0.0,-1.992,9.557,0.90
2021-04-21 10:56:16.885,-0.019,-1.972,9.557,0.05
2021-04-21 10:56:17.085,0.0,-1.992,9.538,1.95
2021-04-21 10:56:18.087,-0.038,-1.972,9.538,0.90
2021-04-21 10:56:18.487,-0.019,-1.992,9.557,0.90
2021-04-21 10:56:18.687,0.0,-1.972,9.538,1.95
2021-04-21 10:56:19.087,0.0,-1.992,9.538,0.90
2021-04-21 10:56:20.087,0.0,-1.972,9.538,0.05
2021-04-21 10:56:21.887,0.0,-1.992,9.538,0.05
2021-04-21 10:56:23.687,-0.019,-1.972,9.557,1.01
2021-04-21 10:56:23.887,0.0,-1.992,9.519,2.95
2021-04-21 10:56:24.687,-0.019,-1.972,9.538,0.05
2021-04-21 10:56:25.487,-0.019,-1.992,9.519,3.85
2021-04-21 10:56:27.487,-0.019,-1.972,9.538,0.05
2021-04-21 10:56:29.287,0.0,-1.992,9.519,0.05
2021-04-21 10:56:30.287,-0.019,-1.972,9.557,1.95
2021-04-21 10:56:31.087,0.0,-1.972,9.538,1.01
2021-04-21 10:56:31.887,0.019,-1.992,9.538,0.90
2021-04-21 10:56:32.287,0.0,-1.972,9.538,0.05
2021-04-21 10:56:32.487,-0.019,-1.972,9.538,0.05
2021-04-21 10:56:32.888,0.019,-1.972,9.557,2.89
2021-04-21 10:56:35.687,0.0,-1.953,9.538,0.95
2021-04-21 10:56:35.887,0.019,-1.972,9.538,2.90
2021-04-21 10:56:36.286,0.0,-1.992,9.538,1.93
2021-04-21 10:56:36.489,0.0,-1.953,9.538,2.90
2021-04-21 10:56:37.287,-0.019,-1.992,9.538,2.90
2021-04-21 10:56:37.487,0.019,-1.992,9.538,0.90
2021-04-21 10:56:38.687,0.0,-1.992,9.538,0.05
2021-04-21 10:56:39.687,-0.038,-1.972,9.538,0.05
2021-04-21 10:56:40.687,0.0,-1.992,9.538,0.05
2021-04-21 10:56:41.287,-0.019,-1.992,9.538,1.01
2021-04-21 10:56:42.887,-0.019,-1.972,9.557,1.94
2021-04-21 10:56:44.487,-0.038,-1.972,9.538,2.86
2021-04-21 10:56:44.887,0.038,-1.972,9.557,4.80
2021-04-21 10:56:45.887,0.0,-1.953,9.538,1.90
2021-04-21 10:56:46.087,-0.019,-1.992,9.538,2.89
2021-04-21 10:56:46.287,0.0,-2.011,9.538,0.00
2021-04-21 10:56:46.487,-0.019,-1.992,9.538,0.00
2021-04-21 10:56:46.687,-0.019,-1.972,9.519,0.90
2021-04-21 10:56:47.687,0.0,-1.992,9.519,0.05
2021-04-21 10:56:47.887,-0.019,-1.972,9.577,2.00
2021-04-21 10:56:48.487,-0.019,-2.011,9.519,4.78
2021-04-21 10:56:49.287,0.0,-1.992,9.538,2.86
2021-04-21 10:56:49.887,-0.057,-2.03,9.538,4.75
2021-04-21 10:56:50.087,0.0,-1.972,9.557,2.49
2021-04-21 10:56:50.624,0.019,-1.934,9.577,96.25
2021-04-21 10:56:50.632,0.0,-1.972,9.538,3.80
2021-04-21 10:56:50.887,0.019,-1.992,9.5,0.95
2021-04-21 10:56:51.487,0.0,-1.972,9.538,1.95
2021-04-21 10:56:51.687,-0.019,-1.992,9.538,1.95
2021-04-21 10:56:53.687,0.0,-1.992,9.538,0.05
2021-04-21 10:56:54.688,-0.019,-1.972,9.519,0.90
2021-04-21 10:56:57.087,0.0,-1.992,9.538,0.90
2021-04-21 10:56:57.285,0.0,-1.992,9.557,0.90
2021-04-21 10:56:58.086,0.0,-1.992,9.519,1.00
2021-04-21 10:56:58.687,0.019,-1.972,9.538,2.89
2021-04-21 10:57:00.487,0.0,-1.953,9.538,0.95
2021-04-21 10:57:01.087,-0.038,-1.992,9.538,1.00
2021-04-21 10:57:01.687,-0.019,-1.972,9.538,1.95
2021-04-21 10:57:01.887,0.0,-1.992,9.519,1.00
2021-04-21 10:57:02.287,-0.019,-1.972,9.538,1.00
2021-04-21 10:57:02.487,0.0,-1.992,9.538,0.05
2021-04-21 10:57:02.687,-0.019,-2.03,9.538,0.00
2021-04-21 10:57:06.487,0.019,-1.953,9.538,5.75
2021-04-21 10:57:06.687,-0.019,-1.972,9.538,2.85
2021-04-21 10:57:07.087,-0.038,-1.972,9.557,1.00
2021-04-21 10:57:07.487,-0.019,-1.972,9.538,0.05
2021-04-21 10:57:08.487,0.0,-1.992,9.538,0.05
2021-04-21 10:57:08.687,-0.019,-1.992,9.557,1.00
2021-04-21 10:57:09.087,0.0,-1.992,9.519,1.95
2021-04-21 10:57:09.887,0.0,-1.992,9.538,0.05
2021-04-21 10:57:11.287,-0.019,-1.953,9.538,1.01
2021-04-21 10:57:11.487,0.019,-1.972,9.557,1.90
2021-04-21 10:57:11.687,-0.019,-2.011,9.538,4.78
2021-04-21 10:57:11.887,0.0,-1.953,9.557,3.83
2021-04-21 10:57:12.687,-0.019,-1.972,9.538,2.86
2021-04-21 10:57:12.887,0.038,-1.972,9.519,2.90
2021-04-21 10:57:13.487,0.019,-2.011,9.538,1.89
2021-04-21 10:57:13.692,0.0,-1.992,9.538,0.00
2021-04-21 10:57:13.887,-0.019,-2.03,9.538,2.86
2021-04-21 10:57:14.087,0.0,-1.972,9.538,5.75
2021-04-21 10:57:14.487,-0.019,-1.953,9.557,0.95
2021-04-21 10:57:14.687,0.0,-1.972,9.538,1.90
2021-04-21 10:57:15.087,-0.019,-1.992,9.519,2.90
2021-04-21 10:57:15.287,-0.019,-1.972,9.519,0.05
2021-04-21 10:57:15.687,0.0,-1.992,9.538,0.90
2021-04-21 10:57:15.887,0.0,-1.972,9.538,1.00
2021-04-21 10:57:16.887,-0.019,-1.992,9.538,1.95
2021-04-21 10:57:17.887,-0.019,-1.992,9.538,1.00
2021-04-21 10:57:19.887,-0.038,-1.992,9.557,1.94
2021-04-21 10:57:20.487,-0.019,-1.972,9.557,1.96
2021-04-21 10:57:20.687,0.0,-1.992,9.519,1.95
2021-04-21 10:57:20.887,-0.019,-1.972,9.519,0.05
2021-04-21 10:57:21.087,-0.019,-1.992,9.538,1.00
2021-04-21 10:57:21.687,-0.038,-1.972,9.538,0.05
2021-04-21 10:57:21.887,0.0,-1.953,9.538,1.90
2021-04-21 10:57:22.287,-0.019,-1.992,9.538,1.96
2021-04-21 10:57:23.287,0.0,-1.972,9.538,1.00
2021-04-21 10:57:24.287,-0.019,-1.992,9.538,1.00
2021-04-21 10:57:25.487,0.0,-1.972,9.538,1.96
2021-04-21 10:57:26.887,0.0,-1.992,9.557,1.85
2021-04-21 10:57:27.287,-0.019,-1.992,9.538,1.94
2021-04-21 10:57:27.687,-0.019,-1.972,9.538,1.00
2021-04-21 10:57:28.087,0.0,-1.992,9.519,1.00
2021-04-21 10:57:28.287,0.0,-1.972,9.538,1.95
2021-04-21 10:57:30.286,-0.019,-1.992,9.538,1.00
2021-04-21 10:57:30.887,-0.019,-1.972,9.538,1.01
2021-04-21 10:57:32.687,0.019,-1.953,9.538,1.90
2021-04-21 10:57:33.487,0.0,-1.972,9.519,2.85
2021-04-21 10:57:33.687,-0.019,-1.992,9.538,1.00
2021-04-21 10:57:33.887,0.0,-1.972,9.519,1.00
2021-04-21 10:57:34.085,-0.019,-1.972,9.519,0.90
2021-04-21 10:57:34.487,0.0,-1.992,9.557,1.85
2021-04-21 10:57:34.687,-0.019,-1.972,9.577,1.06
2021-04-21 10:57:34.887,0.0,-1.992,9.557,0.90
2021-04-21 10:57:35.488,-0.019,-1.972,9.538,0.90
2021-04-21 10:57:35.687,0.0,-1.992,9.538,0.05
2021-04-21 10:57:35.887,0.0,-1.972,9.538,1.95
2021-04-21 10:57:37.087,0.0,-1.992,9.538,0.90
2021-04-21 10:57:37.488,-0.019,-1.992,9.519,1.95
2021-04-21 10:57:38.287,-0.038,-1.972,9.557,1.95
2021-04-21 10:57:38.487,-0.019,-1.972,9.538,0.05
2021-04-21 10:57:40.087,-0.019,-1.992,9.538,1.95
2021-04-21 10:57:41.087,0.0,-1.972,9.538,1.96
2021-04-21 10:57:41.287,-0.019,-1.972,9.538,0.05
2021-04-21 10:57:42.287,0.0,-1.992,9.519,1.95
2021-04-21 10:57:43.287,0.0,-1.992,9.538,0.05
2021-04-21 10:57:44.087,-0.038,-2.049,9.538,4.78
2021-04-21 10:57:45.087,0.0,-1.972,9.538,5.78
2021-04-21 10:57:45.287,-0.019,-1.992,9.557,1.01
2021-04-21 10:57:46.287,0.0,-2.011,9.519,1.90
2021-04-21 10:57:48.887,0.0,-1.953,9.538,2.90
2021-04-21 10:57:50.687,0.019,-1.972,9.519,0.05
2021-04-21 10:57:51.087,0.0,-1.992,9.538,1.00
2021-04-21 10:57:51.287,-0.019,-2.011,9.557,0.95
2021-04-21 10:57:51.487,-0.038,-2.011,9.538,4.78
2021-04-21 10:57:52.087,0.038,-1.953,9.519,4.80
2021-04-21 10:57:52.687,0.0,-2.011,9.5,5.75
2021-04-21 10:57:52.887,-0.019,-1.972,9.538,1.00
2021-04-21 10:57:53.487,-0.019,-1.992,9.557,1.00
2021-04-21 10:57:55.487,0.019,-1.972,9.538,1.95
2021-04-21 10:57:56.887,0.0,-1.953,9.519,1.91
2021-04-21 10:57:57.287,-0.038,-2.011,9.538,3.85
2021-04-21 10:57:57.487,-0.019,-1.972,9.557,3.85
2021-04-21 10:57:57.686,0.019,-1.992,9.538,0.04
2021-04-21 10:57:58.114,0.019,-1.972,9.519,1.00
2021-04-21 10:57:58.487,0.0,-1.953,9.538,0.95
2021-04-21 10:57:58.687,-0.019,-1.992,9.557,1.95
2021-04-21 10:57:58.887,-0.038,-1.953,9.538,1.95
2021-04-21 10:57:59.487,-0.019,-1.972,9.538,0.00
2021-04-21 10:57:59.687,0.0,-1.953,9.519,0.95
2021-04-21 10:57:59.887,0.038,-1.934,9.538,3.80
2021-04-21 10:58:00.487,0.0,-1.953,9.519,3.78
2021-04-21 10:58:00.687,-0.019,-1.992,9.538,1.96
2021-04-21 10:58:00.887,-0.019,-1.972,9.538,0.05
2021-04-21 10:58:02.887,0.0,-1.992,9.538,0.05
2021-04-21 10:58:03.287,0.0,-1.972,9.538,1.00
2021-04-21 10:58:04.087,-0.019,-1.972,9.557,1.91
2021-04-21 10:58:04.687,-0.019,-1.972,9.519,0.05
2021-04-21 10:58:06.287,0.0,-1.992,9.519,1.96
2021-04-21 10:58:07.687,0.019,-1.972,9.5,1.00
2021-04-21 10:58:07.887,-0.038,-1.992,9.557,1.01
2021-04-21 10:58:08.687,0.0,-1.953,9.538,0.96
2021-04-21 10:58:09.287,0.0,-1.972,9.557,2.90
2021-04-21 10:58:10.287,-0.038,-1.992,9.538,2.89
2021-04-21 10:58:10.687,-0.019,-1.972,9.538,1.96
2021-04-21 10:58:10.885,-0.019,-1.992,9.538,1.95
2021-04-21 10:58:11.287,-0.019,-1.972,9.538,0.90
2021-04-21 10:58:11.887,0.0,-1.992,9.538,0.05
2021-04-21 10:58:13.087,-0.038,-1.992,9.538,2.90
2021-04-21 10:58:14.087,-0.057,-1.992,9.538,1.00
2021-04-21 10:58:14.487,0.0,-1.972,9.538,3.87
2021-04-21 10:58:14.687,-0.019,-1.992,9.538,1.95
2021-04-21 10:58:15.487,0.0,-1.934,9.557,4.80
2021-04-21 10:58:15.687,-0.019,-1.992,9.538,4.80
2021-04-21 10:58:15.887,0.0,-1.972,9.538,0.05
2021-04-21 10:58:17.287,-0.019,-1.992,9.519,2.90
2021-04-21 10:58:17.687,-0.038,-2.011,9.538,2.85
2021-04-21 10:58:19.887,0.038,-1.915,9.557,10.50
2021-04-21 10:58:20.287,0.019,-1.934,9.538,2.84
2021-04-21 10:58:20.487,0.0,-1.972,9.557,1.90
2021-04-21 10:58:20.687,-0.019,-2.03,9.538,1.90
2021-04-21 10:58:21.087,0.0,-1.953,9.538,1.90
2021-04-21 10:58:21.687,-0.019,-1.992,9.557,1.00
2021-04-21 10:58:22.087,0.019,-1.972,9.519,1.00
2021-04-21 10:58:22.287,-0.019,-1.992,9.538,1.95
2021-04-21 10:58:22.487,0.019,-1.972,9.538,2.90
2021-04-21 10:58:23.087,0.0,-1.953,9.538,0.00
2021-04-21 10:58:23.285,-0.019,-1.972,9.538,1.90
2021-04-21 10:58:23.487,-0.019,-1.992,9.538,0.91
2021-04-21 10:58:23.906,0.0,-1.972,9.538,2.15
2021-04-21 10:58:24.087,0.019,-1.992,9.538,0.90
2021-04-21 10:58:24.687,0.0,-1.972,9.538,1.00
2021-04-21 10:58:25.087,-0.019,-1.992,9.538,1.95
2021-04-21 10:58:25.287,0.0,-1.992,9.538,2.90
2021-04-21 10:58:26.287,0.038,-1.953,9.519,3.85
2021-04-21 10:58:28.087,-0.019,-2.011,9.519,5.72
2021-04-21 10:58:28.287,0.0,-1.992,9.519,1.91
2021-04-21 10:58:28.487,-0.038,-1.972,9.538,0.00
2021-04-21 11:01:28.229,-0.057,-1.972,9.538,1.99
2021-04-21 11:01:29.058,-0.038,-1.953,9.519,0.95
2021-04-21 11:01:29.258,-0.057,-1.972,9.538,0.95
2021-04-21 11:01:29.458,-0.057,-1.953,9.519,0.95
2021-04-21 11:01:31.058,-0.076,-1.992,9.519,3.85
2021-04-21 11:01:32.658,-0.057,-1.953,9.538,2.85
2021-04-21 11:01:34.862,-0.095,-1.972,9.557,1.90
2021-04-21 11:01:35.062,-0.057,-1.992,9.519,0.97
2021-04-21 11:01:35.266,-0.095,-1.972,9.538,1.93
2021-04-21 11:01:35.662,-0.095,-1.992,9.519,2.90
2021-04-21 11:01:38.260,-0.076,-1.953,9.538,1.14
2021-04-21 11:01:38.859,-0.095,-1.972,9.519,2.84
2021-04-21 11:01:39.060,-0.076,-1.953,9.538,2.85
2021-04-21 11:01:39.460,-0.095,-1.953,9.519,0.95
2021-04-21 11:01:42.060,-0.076,-1.934,9.538,2.86
2021-04-21 11:01:42.659,-0.095,-1.972,9.538,2.84
2021-04-21 11:01:42.860,-0.076,-1.953,9.538,2.85
2021-04-21 11:01:43.259,-0.114,-1.992,9.538,3.85
2021-04-21 11:01:43.860,-0.076,-1.953,9.538,3.87
2021-04-21 11:01:44.059,-0.095,-1.915,9.538,1.90
2021-04-21 11:01:44.860,-0.076,-1.972,9.538,0.95
2021-04-21 11:01:45.260,-0.095,-1.934,9.538,0.95
2021-04-21 11:01:45.660,-0.076,-1.953,9.519,0.95
2021-04-21 11:01:45.860,-0.114,-1.953,9.519,1.90
2021-04-21 11:01:46.460,-0.095,-1.972,9.519,0.00
2021-04-21 11:01:46.660,-0.076,-1.992,9.538,0.90
2021-04-21 11:01:46.859,-0.095,-1.972,9.538,1.90
2021-04-21 11:01:48.060,-0.095,-1.992,9.557,0.99
2021-04-21 11:01:48.662,-0.076,-1.972,9.538,1.01
2021-04-21 11:01:48.859,-0.076,-1.953,9.538,1.90
2021-04-21 11:01:49.460,-0.095,-1.992,9.538,2.90
2021-04-21 11:01:49.860,-0.076,-1.953,9.557,4.80
2021-04-21 11:01:50.260,-0.057,-1.972,9.538,0.00
2021-04-21 11:01:50.659,-0.057,-1.972,9.538,0.95
2021-04-21 11:01:53.860,-0.057,-1.972,9.538,0.95
2021-04-21 11:01:54.858,-0.057,-1.953,9.538,1.90
2021-04-21 11:01:55.860,-0.076,-1.972,9.519,2.84
2021-04-21 11:01:56.059,-0.057,-1.953,9.538,1.90
2021-04-21 11:01:56.860,-0.057,-1.934,9.577,3.83
2021-04-21 11:01:57.860,-0.114,-2.011,9.538,5.72
2021-04-21 11:01:58.459,-0.095,-1.992,9.538,1.90
2021-04-21 11:01:58.660,-0.057,-1.934,9.557,5.75
2021-04-21 11:01:58.859,-0.076,-1.953,9.538,2.85
2021-04-21 11:01:59.059,-0.057,-1.953,9.538,3.85
2021-04-21 11:01:59.860,-0.076,-1.953,9.538,1.90
2021-04-21 11:02:00.260,-0.095,-1.953,9.538,0.00
2021-04-21 11:02:00.859,-0.076,-1.972,9.557,0.00
2021-04-21 11:02:01.258,-0.114,-1.934,9.557,0.00
2021-04-21 11:02:05.059,-0.076,-1.953,9.557,0.95
2021-04-21 11:02:05.258,-0.057,-1.992,9.538,1.93
2021-04-21 11:02:05.461,-0.076,-2.011,9.538,1.92
2021-04-21 11:02:05.658,-0.038,-1.953,9.538,4.80
2021-04-21 11:02:05.858,-0.057,-1.972,9.538,1.90
2021-04-21 11:02:06.058,-0.076,-1.953,9.519,0.95
2021-04-21 11:02:07.259,-0.057,-1.953,9.519,0.95
2021-04-21 11:02:07.659,-0.057,-1.972,9.519,2.85
2021-04-21 11:02:08.060,-0.076,-1.953,9.538,0.95
2021-04-21 11:02:08.259,-0.057,-1.934,9.538,1.91
2021-04-21 11:02:09.658,-0.076,-1.972,9.538,2.84
2021-04-21 11:02:09.859,-0.076,-1.972,9.538,1.90
2021-04-21 11:02:10.659,-0.057,-1.972,9.538,0.00
2021-04-21 11:02:11.660,-0.095,-1.953,9.538,0.95
2021-04-21 11:02:11.859,-0.057,-1.972,9.538,0.95
2021-04-21 11:02:12.060,-0.095,-1.953,9.538,0.95
2021-04-21 11:02:12.260,-0.076,-1.972,9.538,0.00
2021-04-21 11:02:12.460,-0.057,-1.953,9.557,2.85
2021-04-21 11:02:13.259,-0.076,-1.972,9.557,1.89
2021-04-21 11:02:13.459,-0.095,-1.992,9.538,2.90
2021-04-21 11:02:15.060,-0.076,-1.972,9.538,1.95
2021-04-21 11:02:15.259,-0.057,-1.953,9.538,1.90
2021-04-21 11:02:15.459,-0.095,-1.972,9.538,2.85
2021-04-21 11:02:16.059,-0.076,-1.934,9.538,2.85
2021-04-21 11:02:16.459,-0.076,-1.992,9.538,1.94
2021-04-21 11:02:17.059,-0.057,-1.972,9.538,1.96
2021-04-21 11:02:17.259,-0.076,-1.953,9.538,0.95
2021-04-21 11:02:17.659,-0.095,-1.992,9.538,2.93
2021-04-21 11:02:18.859,-0.057,-1.972,9.519,1.96
2021-04-21 11:02:19.058,-0.076,-1.972,9.519,2.85
2021-04-21 11:02:19.860,-0.038,-1.915,9.577,4.80
2021-04-21 11:02:20.459,-0.076,-1.953,9.557,4.80
2021-04-21 11:02:20.659,-0.057,-1.934,9.538,2.86
2021-04-21 11:02:21.658,-0.095,-1.972,9.557,1.89
2021-04-21 11:02:22.059,-0.057,-1.934,9.538,1.90
2021-04-21 11:02:22.459,-0.076,-1.992,9.557,2.90
2021-04-21 11:02:22.659,-0.057,-1.953,9.538,2.91
2021-04-21 11:02:23.059,-0.095,-2.03,9.519,6.70
2021-04-21 11:02:23.859,-0.076,-1.972,9.538,2.89
2021-04-21 11:02:24.259,-0.057,-1.953,9.557,1.89
2021-04-21 11:02:24.859,-0.057,-1.953,9.538,0.00
2021-04-21 11:02:26.459,-0.076,-1.972,9.538,1.90
2021-04-21 11:02:26.859,-0.095,-1.992,9.538,2.90
2021-04-21 11:02:27.658,-0.057,-1.953,9.557,4.80
2021-04-21 11:02:28.059,-0.038,-1.953,9.577,3.85
2021-04-21 11:02:28.659,-0.038,-1.934,9.557,0.90
2021-04-21 11:02:29.059,-0.095,-1.972,9.538,4.73
2021-04-21 11:02:29.459,-0.076,-1.953,9.557,2.85
2021-04-21 11:02:29.860,-0.038,-1.915,9.557,3.80
2021-04-21 11:02:30.059,-0.057,-1.972,9.557,3.80
2021-04-21 11:02:30.259,-0.019,-1.972,9.557,0.00
2021-04-21 11:02:47.717,0.0,-1.953,9.557,1.01
2021-04-21 11:02:48.087,-0.019,-1.934,9.538,10.56
2021-04-21 11:02:48.106,0.0,-1.953,9.557,0.33
2021-04-21 11:02:48.677,-0.019,-1.972,9.519,0.95
2021-04-21 11:02:49.103,0.0,-1.953,9.557,2.77
2021-04-21 11:02:49.579,-0.057,-1.992,9.538,3.83
2021-04-21 11:02:50.305,-0.019,-1.972,9.538,4.10
2021-04-21 11:02:50.700,-0.038,-1.953,9.538,0.00
2021-04-21 11:02:50.900,0.0,-1.972,9.538,0.95
2021-04-21 11:02:51.100,-0.038,-1.953,9.557,0.00
2021-04-21 11:02:52.302,-0.038,-1.972,9.557,0.00
2021-04-21 11:03:11.395,-0.057,-1.953,9.519,0.00
2021-04-21 11:03:11.887,-0.038,-1.972,9.519,0.00
2021-04-21 11:03:11.897,-0.057,-1.953,9.538,2.24
2021-04-21 11:03:12.075,-0.038,-1.992,9.557,0.05
2021-04-21 11:03:12.674,-0.057,-1.972,9.557,0.05
2021-04-21 11:03:12.873,-0.076,-1.953,9.519,0.95
2021-04-21 11:03:13.274,-0.057,-1.972,9.538,0.95
2021-04-21 11:03:15.874,-0.038,-1.972,9.538,0.00
2021-04-21 11:03:16.476,-0.057,-1.953,9.538,2.85
2021-04-21 11:03:17.074,-0.076,-1.972,9.538,2.85
2021-04-21 11:03:17.674,-0.057,-1.953,9.538,1.90
2021-04-21 11:03:17.874,-0.057,-1.972,9.538,0.00
2021-04-21 11:03:19.476,-0.095,-1.953,9.557,0.95
2021-04-21 11:03:20.874,-0.095,-1.972,9.538,0.95
2021-04-21 11:03:21.673,-0.076,-1.953,9.519,0.95
2021-04-21 11:03:22.275,-0.076,-1.953,9.538,1.90
2021-04-21 11:03:23.675,-0.095,-1.953,9.538,1.96
2021-04-21 11:03:24.275,-0.076,-1.972,9.538,0.00
2021-04-21 11:03:25.275,-0.095,-1.953,9.557,0.95
2021-04-21 11:03:27.676,-0.076,-1.972,9.557,0.00
2021-04-21 11:03:27.876,-0.095,-1.953,9.557,0.00
2021-04-21 11:03:28.076,-0.095,-1.972,9.557,0.95
2021-04-21 11:03:28.476,-0.095,-1.972,9.538,1.91
2021-04-21 11:03:31.275,-0.095,-1.953,9.538,0.00
2021-04-21 11:03:31.676,-0.076,-1.972,9.538,0.95
2021-04-21 11:03:35.075,-0.095,-1.953,9.538,0.00
2021-04-21 11:03:35.275,-0.076,-1.953,9.557,1.90
2021-04-21 11:03:38.076,-0.076,-1.972,9.538,0.00
2021-04-21 11:03:42.076,-0.076,-1.953,9.538,1.91
2021-04-21 11:03:43.675,-0.095,-1.953,9.557,0.00
2021-04-21 11:03:45.875,-0.076,-1.972,9.557,0.00
2021-04-21 11:03:46.076,-0.057,-1.953,9.538,0.95
2021-04-21 11:03:46.276,-0.057,-1.972,9.557,0.00
2021-04-21 11:03:51.673,-0.076,-1.972,9.557,1.91
2021-04-21 11:03:53.675,-0.057,-1.953,9.557,2.84
2021-04-21 11:03:55.075,-0.057,-1.972,9.557,0.00
2021-04-21 11:03:55.676,-0.076,-1.953,9.557,0.00
2021-04-21 11:03:55.876,-0.057,-1.972,9.557,0.00
2021-04-21 11:03:56.075,-0.095,-1.953,9.557,0.95
2021-04-21 11:03:56.275,-0.057,-1.972,9.557,1.89
2021-04-21 11:03:58.875,-0.076,-1.953,9.557,0.00
2021-04-21 11:03:59.076,-0.076,-1.972,9.557,2.90
2021-04-21 11:04:02.875,-0.057,-1.953,9.557,1.90
2021-04-21 11:04:03.076,-0.095,-1.972,9.557,2.84
2021-04-21 11:04:03.875,-0.076,-1.953,9.538,0.95
2021-04-21 11:04:04.075,-0.076,-1.972,9.538,2.84
2021-04-21 11:04:05.075,-0.057,-1.953,9.557,2.85
2021-04-21 11:04:06.076,-0.076,-1.972,9.538,2.85
2021-04-21 11:04:07.476,-0.057,-1.953,9.557,0.00
2021-04-21 11:04:10.075,-0.076,-1.972,9.538,2.85
2021-04-21 11:04:10.876,-0.057,-1.972,9.538,0.00
2021-04-21 11:04:12.475,-0.076,-1.953,9.577,1.00
2021-04-21 11:04:12.876,-0.057,-1.972,9.577,1.00
2021-04-21 11:04:14.475,-0.076,-1.953,9.538,0.00
2021-04-21 11:04:15.075,-0.076,-1.972,9.557,1.89
2021-04-21 11:04:16.875,-0.057,-1.953,9.557,1.90
2021-04-21 11:04:17.076,-0.038,-1.972,9.557,0.95
2021-04-21 11:04:17.475,-0.057,-1.953,9.557,1.01
2021-04-21 11:04:18.075,-0.076,-1.972,9.557,0.95
2021-04-21 11:04:18.875,-0.076,-1.953,9.557,0.95
2021-04-21 11:04:19.275,-0.057,-1.972,9.538,0.95
2021-04-21 11:04:19.476,-0.076,-1.972,9.557,1.89
2021-04-21 11:04:20.075,-0.076,-1.953,9.557,1.00
2021-04-21 11:04:22.476,-0.057,-1.953,9.557,2.85
2021-04-21 11:04:22.875,-0.057,-1.972,9.557,1.89
2021-04-21 11:04:23.475,-0.057,-1.972,9.557,0.00
2021-04-21 11:04:24.275,-0.076,-1.953,9.538,1.09
2021-04-21 11:04:26.275,-0.038,-1.934,9.538,2.85
2021-04-21 11:04:26.475,-0.057,-1.953,9.577,0.05
2021-04-21 11:04:26.675,-0.076,-1.972,9.557,0.00
2021-04-21 11:04:27.675,-0.057,-1.972,9.557,0.95
2021-04-21 11:04:29.875,-0.038,-1.972,9.557,0.05
2021-04-21 11:04:30.674,-0.076,-1.972,9.538,1.89
2021-04-21 11:04:31.875,-0.057,-1.953,9.557,0.00
2021-04-21 11:04:32.475,-0.038,-1.972,9.557,0.00
2021-04-21 11:04:32.875,-0.057,-1.972,9.557,1.91
2021-04-21 11:04:33.275,-0.057,-1.953,9.557,1.89
2021-04-21 11:04:33.875,-0.038,-1.972,9.538,0.95
2021-04-21 11:04:34.675,-0.057,-1.953,9.557,0.95
2021-04-21 11:04:34.875,-0.019,-1.915,9.577,3.85
2021-04-21 11:04:36.075,-0.038,-1.953,9.538,4.82
2021-04-21 11:04:36.275,-0.057,-1.896,9.577,3.83
2021-04-21 11:04:36.475,0.21,-1.647,9.596,26.75
2021-04-21 11:04:36.676,-0.114,-2.087,9.5,43.22
2021-04-21 11:04:36.875,0.038,-1.704,9.615,32.34
2021-04-21 11:04:37.076,0.019,-1.8,9.596,6.73
2021-04-21 11:04:37.276,0.038,-1.762,9.596,2.84
2021-04-21 11:04:37.475,0.0,-1.857,9.596,1.56
2021-04-21 11:04:38.329,-0.038,-1.934,9.557,256.67
2021-04-21 11:04:38.335,-0.095,-1.992,9.557,164.29
2021-04-21 11:04:38.342,-0.076,-2.011,9.538,27.14
2021-04-21 11:04:38.349,-0.057,-1.992,9.538,0.53
2021-04-21 11:04:39.064,-0.038,-1.953,9.577,74.61
2021-04-21 11:04:39.077,0.0,-1.896,9.577,960.00
2021-04-21 11:04:39.091,-0.019,-1.857,9.557,0.00
2021-04-21 11:04:39.275,-0.038,-1.915,9.577,2.85
2021-04-21 11:04:39.475,0.0,-1.896,9.557,1.89
2021-04-21 11:04:39.875,-0.038,-1.934,9.557,2.84
2021-04-21 11:04:40.275,-0.095,-2.03,9.519,9.60
2021-04-21 11:04:40.473,-0.038,-1.819,9.634,17.16
2021-04-21 11:04:40.876,-0.076,-1.972,9.538,14.35
2021-04-21 11:04:41.075,0.0,-1.838,9.596,13.40
2021-04-21 11:04:41.275,0.019,-1.838,9.596,3.87
2021-04-21 11:04:41.675,0.0,-1.857,9.577,2.84
2021-04-21 11:04:41.875,-0.019,-1.915,9.557,4.85
2021-04-21 11:04:42.075,-0.057,-1.972,9.557,4.77
2021-04-21 11:04:42.275,-0.076,-2.011,9.538,3.83
2021-04-21 11:04:42.476,-0.057,-1.953,9.557,3.85
2021-04-21 11:04:42.875,-0.038,-1.953,9.557,0.00
2021-04-21 11:04:43.475,-0.057,-1.992,9.557,2.89
2021-04-21 11:04:43.875,-0.038,-1.972,9.577,2.95
2021-04-21 11:04:44.075,-0.057,-1.953,9.557,1.00
2021-04-21 11:04:44.276,-0.057,-1.934,9.538,0.95
2021-04-21 11:04:44.675,-0.057,-1.972,9.557,1.89
2021-04-21 11:04:46.075,-0.038,-1.972,9.538,0.00
2021-04-21 11:04:46.675,-0.038,-1.972,9.557,0.00
2021-04-21 11:04:47.675,-0.057,-1.953,9.557,0.00
2021-04-21 11:04:47.875,-0.038,-1.953,9.557,3.78
2021-04-21 11:04:48.475,-0.057,-1.953,9.557,0.00
2021-04-21 11:04:50.275,-0.076,-1.972,9.538,2.85
2021-04-21 11:04:50.475,-0.057,-1.953,9.538,1.90
2021-04-21 11:04:50.675,-0.038,-1.972,9.557,0.95
2021-04-21 11:04:50.876,-0.057,-1.972,9.557,0.95
2021-04-21 11:04:51.475,-0.038,-1.972,9.557,0.00
2021-04-21 11:04:52.675,-0.057,-1.953,9.557,0.00
2021-04-21 11:04:52.875,-0.038,-1.972,9.557,0.00
2021-04-21 11:04:53.475,-0.057,-1.953,9.557,0.00
2021-04-21 11:04:53.675,-0.057,-1.953,9.538,0.00
2021-04-21 11:04:55.075,-0.038,-1.972,9.577,1.94
2021-04-21 11:04:56.875,-0.057,-1.953,9.557,0.95
2021-04-21 11:04:57.275,-0.076,-1.972,9.557,1.90
2021-04-21 11:04:57.475,-0.057,-1.953,9.538,0.95
2021-04-21 11:04:57.674,-0.038,-1.972,9.538,0.95
2021-04-21 11:04:58.475,-0.057,-1.953,9.557,2.85
2021-04-21 11:04:59.475,-0.076,-1.934,9.557,0.05
2021-04-21 11:04:59.875,-0.057,-1.972,9.557,0.95
2021-04-21 11:05:00.075,-0.038,-1.972,9.538,0.95
2021-04-21 11:05:00.677,-0.019,-1.953,9.538,1.91
2021-04-21 11:05:00.875,-0.076,-1.992,9.577,2.85
2021-04-21 11:05:01.075,-0.076,-1.972,9.538,0.05
2021-04-21 11:05:01.675,-0.038,-1.953,9.538,1.90
2021-04-21 11:05:02.275,-0.095,-1.992,9.557,2.91
2021-04-21 11:05:03.675,-0.057,-1.953,9.538,2.90
2021-04-21 11:05:03.874,-0.019,-1.934,9.538,2.84
2021-04-21 11:05:04.075,-0.038,-1.953,9.557,0.95
2021-04-21 11:05:04.275,-0.038,-1.934,9.557,1.91
2021-04-21 11:05:04.675,-0.057,-1.972,9.538,3.78
2021-04-21 11:05:04.875,-0.057,-1.972,9.557,1.94
2021-04-21 11:05:05.476,-0.057,-1.972,9.538,2.85
2021-04-21 11:05:06.075,-0.076,-1.972,9.538,1.00
2021-04-21 11:05:06.475,-0.038,-1.953,9.538,2.85
2021-04-21 11:05:06.675,-0.057,-1.972,9.577,0.05
2021-04-21 11:05:06.875,-0.038,-1.934,9.577,3.85
2021-04-21 11:05:07.275,-0.057,-1.992,9.538,4.83
2021-04-21 11:05:07.875,-0.038,-1.972,9.538,1.95
2021-04-21 11:05:08.075,-0.057,-1.953,9.557,0.00
2021-04-21 11:05:09.678,-0.057,-1.953,9.577,1.95
2021-04-21 11:05:10.275,-0.038,-1.972,9.557,0.00
2021-04-21 11:05:14.076,-0.038,-1.972,9.577,1.95
2021-04-21 11:05:15.075,-0.057,-1.953,9.538,0.95
2021-04-21 11:05:15.476,-0.057,-1.972,9.557,2.90
2021-04-21 11:05:17.075,-0.038,-1.953,9.538,0.95
2021-04-21 11:05:18.875,-0.038,-1.953,9.538,0.95
2021-04-21 11:05:19.475,-0.057,-1.953,9.577,1.00
2021-04-21 11:05:22.875,-0.038,-1.972,9.557,1.01
2021-04-21 11:05:23.074,-0.057,-1.953,9.557,0.00
2021-04-21 11:05:23.475,-0.038,-1.934,9.577,2.90
2021-04-21 11:05:23.876,-0.057,-1.972,9.557,2.91
2021-04-21 11:05:24.275,-0.038,-1.972,9.577,0.90
2021-04-21 11:05:28.675,-0.057,-1.953,9.557,0.95
2021-04-21 11:05:29.075,-0.057,-1.953,9.557,1.00
2021-04-21 11:05:29.675,-0.038,-1.972,9.538,0.95
2021-04-21 11:05:29.875,-0.038,-1.953,9.557,1.90
2021-04-21 11:05:30.275,-0.057,-1.972,9.538,2.85
2021-04-21 11:05:30.475,-0.057,-1.953,9.557,2.85
2021-04-21 11:05:31.475,-0.038,-1.972,9.557,0.00
2021-04-21 11:05:32.675,-0.057,-1.953,9.557,0.00
2021-04-21 11:05:34.675,-0.057,-1.972,9.557,1.90
2021-04-21 11:05:35.476,-0.057,-1.972,9.557,1.91
2021-04-21 11:05:36.875,-0.057,-1.953,9.538,0.95
2021-04-21 11:05:37.875,-0.057,-1.953,9.557,0.00
2021-04-21 11:05:39.076,-0.038,-1.972,9.538,0.95
2021-04-21 11:05:39.275,-0.057,-1.972,9.577,0.90
2021-04-21 11:05:40.875,-0.038,-1.953,9.557,1.89
2021-04-21 11:05:41.475,-0.057,-1.972,9.557,1.90
2021-04-21 11:05:41.675,-0.076,-1.953,9.557,0.00
2021-04-21 11:05:42.076,-0.038,-1.972,9.538,0.95
2021-04-21 11:05:42.875,-0.019,-1.953,9.557,1.91
2021-04-21 11:05:43.275,-0.038,-1.992,9.557,2.89
2021-04-21 11:05:43.475,-0.057,-1.972,9.538,1.90
2021-04-21 11:05:45.475,-0.057,-1.953,9.557,0.00
2021-04-21 11:05:46.475,-0.057,-1.972,9.538,2.85
2021-04-21 11:05:47.875,-0.038,-1.953,9.557,1.89
2021-04-21 11:05:48.475,-0.057,-1.992,9.557,1.95
2021-04-21 11:05:49.675,-0.038,-1.953,9.557,2.89
2021-04-21 11:05:49.875,-0.076,-1.972,9.557,2.85
2021-04-21 11:05:50.076,-0.057,-1.972,9.538,2.86
2021-04-21 11:05:51.275,-0.038,-1.972,9.538,0.95
2021-04-21 11:05:52.075,-0.057,-1.953,9.557,0.00
2021-04-21 11:05:52.875,-0.038,-1.972,9.538,0.95
2021-04-21 11:05:53.075,-0.057,-1.972,9.538,0.90
2021-04-21 11:05:53.675,-0.038,-1.953,9.557,2.84
2021-04-21 11:05:53.876,-0.057,-1.972,9.557,1.91
2021-04-21 11:05:54.275,-0.038,-1.953,9.557,0.90
2021-04-21 11:05:55.475,-0.057,-1.972,9.557,1.90
2021-04-21 11:05:55.675,-0.038,-1.953,9.577,2.90
2021-04-21 11:05:55.875,-0.019,-1.992,9.538,1.01
2021-04-21 11:05:56.275,-0.038,-1.972,9.557,1.00
2021-04-21 11:05:56.475,-0.038,-1.953,9.557,1.90
2021-04-21 11:05:57.075,-0.057,-1.972,9.557,1.91
2021-04-21 11:05:57.275,-0.038,-1.953,9.538,0.95
2021-04-21 11:05:57.475,-0.057,-1.972,9.557,1.90
2021-04-21 11:05:59.075,-0.057,-1.972,9.577,0.90
2021-04-21 11:06:01.475,-0.038,-1.953,9.557,0.90
2021-04-21 11:06:01.675,-0.057,-1.972,9.557,1.90
2021-04-21 11:06:01.876,-0.038,-1.953,9.538,0.95
2021-04-21 11:06:07.076,-0.019,-1.953,9.557,3.80
2021-04-21 11:06:12.675,-0.038,-1.972,9.538,2.85
2021-04-21 11:06:12.873,-0.038,-1.972,9.557,0.95
2021-04-21 11:06:13.475,-0.019,-1.953,9.557,1.88
2021-04-21 11:06:13.677,-0.057,-1.972,9.538,3.86
2021-04-21 11:06:13.875,-0.038,-1.972,9.538,2.84
2021-04-21 11:06:14.875,-0.038,-1.953,9.557,1.90
2021-04-21 11:06:16.075,-0.038,-1.972,9.538,2.84
2021-04-21 11:06:17.275,-0.057,-1.953,9.557,0.95
2021-04-21 11:06:17.875,-0.057,-1.953,9.557,0.95
2021-04-21 11:06:19.075,-0.057,-1.953,9.557,0.00
2021-04-21 11:06:21.675,-0.057,-1.972,9.557,0.05
2021-04-21 11:06:22.875,-0.038,-1.953,9.557,1.90
2021-04-21 11:06:23.075,-0.038,-1.992,9.557,1.00
2021-04-21 11:06:24.275,-0.019,-1.953,9.557,1.90
2021-04-21 11:06:27.874,-0.038,-1.972,9.557,1.89
2021-04-21 11:06:28.075,-0.038,-1.972,9.557,0.00
2021-04-21 11:06:32.875,-0.038,-1.992,9.577,0.95
2021-04-21 11:06:34.275,-0.057,-1.972,9.557,0.95
2021-04-21 11:06:34.475,-0.038,-1.972,9.538,0.95
2021-04-21 11:06:34.875,-0.057,-1.992,9.557,1.00
2021-04-21 11:06:35.075,-0.038,-1.972,9.538,1.00
2021-04-21 11:06:35.276,-0.057,-1.972,9.557,1.00
2021-04-21 11:06:37.075,-0.038,-1.953,9.557,1.90
2021-04-21 11:06:38.475,-0.057,-1.953,9.538,0.00
2021-04-21 11:06:39.675,-0.038,-1.972,9.538,0.00
2021-04-21 11:06:39.873,-0.019,-1.972,9.538,0.95
2021-04-21 11:06:40.875,-0.038,-1.992,9.538,1.95
2021-04-21 11:06:41.075,-0.019,-1.972,9.557,2.90
2021-04-21 11:06:41.275,-0.038,-1.953,9.557,0.00
2021-04-21 11:06:42.675,-0.038,-1.953,9.557,1.90
2021-04-21 11:06:43.475,-0.038,-1.972,9.557,0.00
2021-04-21 11:06:43.875,-0.019,-1.972,9.519,1.90
2021-04-21 11:06:46.475,-0.038,-1.953,9.538,0.94
2021-04-21 11:06:48.879,-0.038,-1.953,9.538,1.90
2021-04-21 11:06:49.475,-0.057,-1.972,9.557,3.85
